AdopterID,activity_level,home_type,home_size,pet_experience,available_time,kids_present,other_pets,pet_budget,insurance_willing,vet_commitment,air_conditioning_available,training_commitment,patience_level,grooming_tolerance,noise_tolerance,long_term_commitment
A1,low,apartment,small,intermediate,high,yes,no,high,no,low,yes,medium,high,high,medium,yes
A2,medium,apartment,small,beginner,low,no,yes,low,no,high,yes,low,low,high,low,yes
A3,medium,house,large,intermediate,low,yes,no,medium,yes,medium,no,medium,low,low,low,no
A4,high,apartment,medium,intermediate,medium,no,no,low,no,medium,yes,low,high,medium,low,no
A5,low,apartment,small,intermediate,high,yes,yes,high,yes,low,no,low,low,medium,low,yes
A6,low,apartment,large,intermediate,high,no,no,high,no,high,no,medium,medium,low,medium,yes
A7,low,apartment,small,beginner,high,yes,yes,low,yes,medium,no,high,low,medium,medium,yes
A8,medium,house,medium,experienced,medium,no,yes,high,yes,medium,yes,low,high,medium,high,no
A9,high,apartment,medium,experienced,medium,yes,no,medium,no,low,no,low,medium,high,medium,yes
A10,low,apartment,medium,intermediate,low,no,no,medium,no,low,no,high,low,medium,high,yes
A11,medium,apartment,small,experienced,high,yes,no,high,yes,low,no,high,low,low,medium,yes
A12,low,house,medium,intermediate,low,no,no,low,yes,medium,yes,high,medium,high,high,yes
A13,low,apartment,small,experienced,low,no,no,medium,yes,low,no,low,high,high,high,no
A14,low,apartment,large,beginner,high,no,yes,medium,yes,medium,no,medium,medium,high,medium,no
A15,medium,apartment,medium,beginner,medium,yes,no,medium,yes,high,yes,low,high,medium,medium,no
A16,high,apartment,small,experienced,high,no,no,high,no,high,yes,medium,low,medium,medium,yes
A17,medium,apartment,small,experienced,low,no,yes,low,yes,medium,no,medium,low,medium,low,no
A18,high,house,medium,experienced,medium,no,no,low,yes,low,yes,low,low,high,high,no
A19,high,apartment,small,beginner,medium,yes,no,high,yes,high,yes,high,medium,low,low,no
A20,medium,house,medium,experienced,low,no,yes,high,yes,high,yes,medium,medium,high,high,no
A21,medium,house,medium,intermediate,high,no,no,low,yes,low,yes,medium,high,low,medium,no
A22,low,apartment,medium,intermediate,medium,no,yes,medium,yes,high,no,medium,high,high,high,no
A23,high,apartment,medium,experienced,medium,no,no,high,yes,low,no,high,medium,low,low,no
A24,low,house,small,intermediate,medium,yes,no,low,no,low,no,high,low,high,medium,yes
A25,low,house,large,experienced,medium,no,no,high,no,medium,no,high,medium,medium,medium,no
A26,low,apartment,medium,beginner,medium,no,no,high,no,medium,no,medium,low,low,medium,yes
A27,high,apartment,medium,experienced,low,yes,yes,high,yes,medium,yes,medium,high,medium,medium,yes
A28,low,house,small,intermediate,high,no,yes,high,yes,medium,no,low,high,low,medium,no
A29,high,apartment,medium,beginner,high,no,yes,high,no,high,yes,high,high,low,low,no
A30,medium,apartment,medium,beginner,low,yes,no,low,no,medium,no,medium,low,medium,low,no
A31,high,apartment,small,beginner,high,yes,no,medium,yes,medium,yes,high,high,low,low,no
A32,high,house,medium,beginner,low,no,no,high,yes,medium,yes,low,low,low,low,yes
A33,high,apartment,medium,intermediate,medium,no,yes,low,yes,low,yes,high,low,high,medium,yes
A34,high,apartment,medium,experienced,low,no,no,low,yes,low,no,high,high,high,high,no
A35,low,house,medium,experienced,low,yes,yes,high,yes,low,no,low,high,high,low,no
A36,medium,apartment,medium,intermediate,high,no,yes,high,no,high,yes,medium,medium,low,high,yes
A37,high,apartment,small,experienced,low,yes,no,medium,no,medium,yes,medium,medium,medium,high,yes
A38,medium,apartment,large,intermediate,high,yes,no,high,no,medium,no,low,high,low,low,yes
A39,high,apartment,large,experienced,high,yes,no,low,no,low,no,high,high,low,low,yes
A40,medium,apartment,medium,intermediate,low,yes,no,low,yes,medium,yes,medium,low,low,high,yes
A41,medium,house,large,intermediate,low,no,no,high,no,medium,no,high,medium,medium,low,no
A42,high,house,large,beginner,high,no,yes,low,yes,low,yes,medium,medium,medium,high,no
A43,high,house,small,beginner,high,yes,yes,low,no,medium,yes,medium,low,medium,low,yes
A44,low,house,small,beginner,high,yes,no,high,yes,low,yes,medium,medium,medium,high,yes
A45,high,house,small,intermediate,medium,no,yes,medium,no,high,no,low,low,low,low,no
A46,high,apartment,small,intermediate,high,no,yes,medium,yes,high,yes,medium,medium,medium,medium,yes
A47,high,house,large,intermediate,medium,yes,yes,medium,yes,low,no,medium,low,medium,low,no
A48,high,house,large,intermediate,high,no,no,low,yes,high,no,medium,low,high,high,yes
A49,medium,apartment,small,beginner,low,no,yes,high,no,low,no,medium,medium,high,medium,no
A50,high,house,small,intermediate,high,no,no,medium,yes,high,no,low,medium,low,low,no
A51,medium,apartment,small,intermediate,medium,yes,no,low,no,low,no,high,medium,low,low,yes
A52,medium,house,large,experienced,medium,yes,no,low,yes,high,no,low,medium,medium,medium,yes
A53,high,apartment,large,experienced,medium,yes,yes,high,yes,medium,no,high,low,low,low,yes
A54,medium,apartment,medium,beginner,medium,no,no,medium,yes,high,yes,high,low,low,low,yes
A55,medium,apartment,small,experienced,low,no,yes,medium,yes,medium,no,low,medium,medium,low,no
A56,high,house,large,experienced,low,yes,no,medium,no,medium,no,low,high,high,low,yes
A57,medium,house,small,beginner,low,no,no,medium,yes,medium,yes,high,high,low,medium,yes
A58,low,apartment,medium,experienced,high,no,no,medium,no,medium,yes,medium,high,low,high,no
A59,high,house,small,experienced,low,yes,yes,low,no,high,yes,medium,low,low,high,no
A60,medium,apartment,small,experienced,low,no,no,high,yes,high,no,low,high,high,high,yes
A61,medium,apartment,small,beginner,low,no,no,medium,no,high,no,high,medium,high,medium,no
A62,low,apartment,large,beginner,medium,yes,no,low,no,medium,no,medium,high,high,high,no
A63,medium,house,medium,intermediate,medium,no,no,low,no,medium,yes,medium,medium,low,high,yes
A64,high,apartment,small,beginner,medium,yes,yes,high,no,medium,yes,medium,high,low,medium,yes
A65,low,house,small,beginner,low,yes,no,low,yes,high,no,medium,high,low,low,yes
A66,high,apartment,small,intermediate,high,no,yes,medium,yes,low,no,low,medium,high,medium,no
A67,medium,house,large,intermediate,low,yes,yes,low,yes,high,no,medium,medium,high,medium,yes
A68,low,apartment,large,experienced,medium,yes,no,medium,yes,low,no,low,low,high,low,no
A69,medium,house,small,beginner,medium,no,yes,medium,yes,low,no,medium,medium,low,medium,yes
A70,medium,house,medium,intermediate,medium,yes,yes,low,no,medium,yes,low,high,high,low,yes
A71,medium,house,large,beginner,low,yes,yes,low,no,medium,yes,low,high,low,high,yes
A72,low,apartment,large,beginner,low,yes,no,high,no,medium,no,high,low,high,high,no
A73,low,apartment,large,beginner,high,no,yes,high,no,low,yes,medium,high,high,high,yes
A74,high,house,small,intermediate,high,yes,no,high,yes,low,yes,medium,medium,low,high,no
A75,low,house,large,intermediate,medium,yes,no,low,no,low,no,high,high,low,medium,yes
A76,medium,house,medium,intermediate,low,yes,no,high,no,medium,yes,medium,high,low,low,no
A77,medium,apartment,medium,beginner,medium,yes,yes,high,no,low,no,low,low,high,high,no
A78,low,house,small,intermediate,medium,no,yes,low,no,medium,yes,medium,medium,medium,medium,no
A79,high,apartment,large,intermediate,medium,no,no,high,no,high,no,high,low,low,high,no
A80,medium,apartment,medium,beginner,low,no,no,medium,no,low,yes,medium,low,high,high,no
A81,low,house,medium,beginner,low,no,no,low,no,medium,yes,low,medium,high,low,yes
A82,medium,apartment,large,intermediate,high,yes,yes,low,no,low,yes,low,medium,medium,medium,yes
A83,low,house,large,beginner,high,no,yes,low,no,medium,yes,low,medium,medium,high,no
A84,high,apartment,small,intermediate,high,yes,no,low,no,medium,yes,medium,high,high,low,yes
A85,medium,house,large,beginner,medium,yes,no,high,no,medium,no,high,low,low,high,no
A86,low,house,small,intermediate,high,no,yes,medium,yes,medium,yes,high,medium,medium,high,no
A87,medium,apartment,large,intermediate,medium,no,no,low,no,high,no,low,low,high,high,yes
A88,medium,house,small,experienced,medium,yes,no,medium,no,low,no,low,low,medium,medium,no
A89,medium,apartment,large,beginner,high,yes,no,low,no,high,yes,high,high,high,low,no
A90,low,apartment,medium,beginner,medium,yes,yes,low,no,medium,yes,high,low,medium,low,no
A91,high,apartment,large,beginner,low,no,yes,high,yes,high,yes,low,high,high,low,no
A92,medium,house,large,beginner,high,yes,no,low,no,low,no,medium,medium,medium,medium,no
A93,low,house,small,experienced,low,no,yes,high,no,high,no,high,medium,high,low,yes
A94,low,house,small,experienced,high,no,no,high,no,medium,no,medium,low,medium,high,no
A95,medium,apartment,medium,experienced,low,yes,no,medium,no,high,no,low,high,high,low,yes
A96,high,apartment,small,intermediate,low,no,yes,high,no,medium,no,high,low,low,medium,no
A97,high,house,large,experienced,high,yes,no,medium,no,low,yes,high,medium,high,medium,yes
A98,medium,house,large,intermediate,low,yes,no,low,no,high,yes,medium,high,low,medium,yes
A99,medium,house,large,intermediate,medium,yes,yes,high,yes,low,yes,medium,low,low,low,no
A100,low,house,large,beginner,low,no,no,high,yes,low,no,high,low,low,high,yes
A101,medium,apartment,small,experienced,low,yes,no,high,yes,low,no,high,low,high,low,no
A102,high,apartment,small,intermediate,low,yes,no,high,no,high,yes,low,medium,low,high,no
A103,high,house,small,beginner,low,yes,no,high,no,high,yes,medium,medium,high,medium,no
A104,medium,apartment,small,intermediate,high,yes,no,medium,no,medium,yes,high,medium,high,high,no
A105,medium,house,medium,beginner,low,yes,yes,medium,yes,medium,yes,high,high,medium,low,yes
A106,high,apartment,large,beginner,high,no,no,high,yes,low,no,low,low,medium,medium,yes
A107,high,apartment,small,experienced,high,no,no,medium,yes,high,yes,medium,high,medium,low,yes
A108,high,house,small,experienced,high,yes,yes,high,yes,medium,no,medium,low,high,high,no
A109,high,apartment,medium,intermediate,low,no,yes,high,no,low,no,high,low,medium,medium,no
A110,low,house,small,beginner,medium,yes,no,medium,yes,medium,yes,medium,high,low,low,no
A111,low,apartment,medium,intermediate,high,no,yes,medium,no,medium,yes,high,medium,medium,medium,yes
A112,low,apartment,small,beginner,medium,yes,no,low,yes,medium,yes,high,medium,high,low,no
A113,low,house,medium,experienced,high,no,yes,medium,yes,medium,yes,low,low,high,medium,no
A114,high,apartment,medium,beginner,medium,no,yes,high,yes,low,no,medium,high,medium,medium,no
A115,medium,apartment,large,intermediate,medium,yes,no,high,yes,low,no,medium,medium,high,low,yes
A116,low,apartment,medium,experienced,medium,no,no,medium,no,medium,no,low,low,high,low,yes
A117,low,apartment,large,experienced,low,yes,yes,medium,no,high,no,medium,high,low,high,no
A118,high,house,medium,experienced,medium,no,yes,low,no,low,no,medium,low,low,low,yes
A119,medium,house,small,experienced,medium,no,yes,medium,yes,low,no,high,medium,low,low,yes
A120,medium,apartment,medium,beginner,high,yes,no,low,no,high,yes,high,high,medium,medium,no
A121,medium,house,large,experienced,high,no,yes,high,yes,low,yes,medium,low,medium,low,yes
A122,medium,apartment,large,intermediate,high,yes,no,low,yes,low,no,medium,high,high,low,yes
A123,low,apartment,medium,experienced,low,yes,yes,medium,yes,high,yes,low,low,medium,medium,yes
A124,medium,house,large,beginner,medium,yes,yes,medium,no,high,no,low,medium,high,high,no
A125,medium,apartment,large,experienced,high,no,yes,medium,yes,low,no,high,high,medium,medium,no
A126,low,house,small,intermediate,high,yes,no,medium,no,high,no,medium,low,high,medium,no
A127,medium,house,small,intermediate,high,no,yes,low,yes,low,no,low,medium,medium,high,yes
A128,medium,apartment,medium,experienced,medium,no,no,high,no,high,no,high,medium,medium,low,yes
A129,low,apartment,medium,beginner,medium,no,yes,low,no,high,no,low,low,medium,medium,yes
A130,low,apartment,large,intermediate,high,yes,yes,high,no,medium,yes,high,medium,medium,low,no
A131,high,apartment,large,experienced,high,no,yes,medium,yes,medium,yes,low,low,low,medium,no
A132,low,house,medium,intermediate,medium,yes,yes,medium,yes,high,yes,low,medium,medium,medium,no
A133,medium,house,small,experienced,high,no,yes,high,no,high,no,low,high,high,medium,no
A134,low,apartment,medium,intermediate,medium,yes,yes,medium,yes,medium,no,high,medium,low,high,no
A135,high,house,medium,experienced,high,yes,yes,medium,yes,medium,no,medium,medium,medium,high,yes
A136,high,apartment,small,beginner,high,yes,yes,low,yes,high,yes,medium,high,medium,high,no
A137,high,apartment,medium,beginner,low,yes,yes,low,no,low,yes,medium,medium,high,high,yes
A138,low,apartment,small,beginner,low,no,no,high,no,medium,no,medium,medium,medium,low,no
A139,high,house,medium,intermediate,medium,yes,no,high,no,low,yes,low,high,low,high,yes
A140,medium,apartment,small,intermediate,high,yes,no,low,no,low,no,medium,medium,low,low,no
A141,medium,apartment,large,intermediate,medium,yes,yes,medium,yes,low,yes,low,high,medium,medium,no
A142,medium,house,medium,intermediate,low,yes,no,medium,yes,low,yes,low,medium,high,high,no
A143,low,apartment,large,experienced,high,yes,no,low,no,high,no,high,high,low,high,no
A144,high,apartment,large,experienced,low,yes,no,high,yes,high,yes,high,high,medium,high,yes
A145,low,house,small,experienced,high,yes,yes,low,yes,high,no,low,high,low,low,no
A146,medium,house,medium,beginner,high,yes,yes,medium,yes,medium,no,high,low,medium,medium,no
A147,high,house,small,experienced,low,no,yes,low,yes,medium,yes,medium,high,low,medium,yes
A148,high,apartment,medium,beginner,medium,no,no,low,yes,high,yes,medium,medium,medium,medium,no
A149,low,apartment,medium,experienced,high,yes,yes,medium,yes,high,yes,low,medium,medium,high,no
A150,high,house,small,intermediate,high,no,yes,low,yes,high,yes,high,high,low,medium,yes
A151,high,house,large,experienced,low,no,yes,high,no,low,no,medium,low,high,high,no
A152,low,apartment,medium,experienced,high,no,yes,high,yes,low,no,low,low,high,medium,yes
A153,high,house,medium,intermediate,medium,no,no,medium,no,medium,no,medium,medium,medium,medium,yes
A154,high,apartment,medium,beginner,low,yes,yes,low,yes,low,yes,low,low,medium,low,yes
A155,medium,apartment,small,experienced,low,yes,yes,medium,yes,high,no,high,low,low,low,yes
A156,low,apartment,large,experienced,high,no,yes,high,yes,medium,yes,low,low,medium,high,no
A157,medium,house,large,beginner,medium,yes,no,high,no,high,no,medium,high,low,high,no
A158,low,apartment,small,beginner,high,no,no,low,yes,medium,yes,high,low,high,high,yes
A159,high,house,large,experienced,low,no,yes,high,yes,low,no,high,medium,high,medium,no
A160,high,house,medium,beginner,high,yes,no,medium,yes,medium,yes,low,high,low,low,no
A161,high,house,large,beginner,high,yes,yes,high,yes,low,yes,low,medium,high,medium,yes
A162,medium,house,small,experienced,medium,no,yes,high,no,high,yes,medium,high,medium,low,no
A163,low,apartment,medium,experienced,low,yes,no,high,yes,low,no,low,high,high,high,yes
A164,medium,apartment,small,beginner,medium,yes,no,high,yes,high,yes,low,medium,low,high,yes
A165,low,house,large,experienced,medium,no,no,high,no,high,yes,high,low,medium,medium,no
A166,high,apartment,large,intermediate,high,no,yes,low,no,low,yes,medium,medium,low,high,yes
A167,high,house,small,intermediate,low,no,yes,medium,yes,high,yes,high,medium,low,high,yes
A168,medium,house,small,beginner,high,no,yes,low,no,high,yes,medium,low,high,medium,yes
A169,medium,apartment,large,experienced,high,no,no,high,no,low,no,low,low,high,medium,no
A170,high,apartment,medium,intermediate,medium,no,yes,high,no,medium,yes,low,high,medium,high,no
A171,low,apartment,medium,beginner,low,yes,yes,high,yes,medium,no,high,low,high,low,no
A172,medium,apartment,small,intermediate,low,yes,yes,high,yes,high,no,medium,low,low,low,no
A173,medium,house,large,beginner,low,yes,yes,low,no,high,no,low,high,high,medium,yes
A174,medium,apartment,medium,experienced,high,yes,no,low,yes,low,no,low,high,medium,medium,no
A175,high,house,large,intermediate,medium,no,no,high,no,low,no,high,high,high,high,no
A176,high,apartment,large,beginner,medium,yes,yes,high,no,low,yes,low,medium,low,low,no
A177,high,apartment,large,intermediate,low,yes,yes,medium,no,low,no,medium,low,high,medium,no
A178,low,house,small,intermediate,medium,no,no,medium,yes,medium,no,high,low,medium,high,no
A179,low,apartment,medium,intermediate,medium,no,yes,low,yes,low,yes,medium,high,medium,high,no
A180,medium,apartment,small,intermediate,low,yes,yes,low,no,low,no,low,high,low,low,no
A181,medium,apartment,small,beginner,high,yes,no,high,no,low,yes,medium,high,medium,high,no
A182,medium,apartment,medium,intermediate,high,yes,yes,low,yes,medium,yes,low,high,medium,high,no
A183,medium,house,medium,beginner,medium,yes,no,medium,no,low,yes,medium,high,high,high,yes
A184,high,house,medium,beginner,high,no,no,high,no,medium,yes,low,medium,medium,low,yes
A185,high,apartment,small,experienced,medium,yes,yes,low,yes,low,no,high,medium,medium,low,no
A186,low,house,large,beginner,low,yes,no,low,no,low,no,medium,medium,medium,high,yes
A187,low,apartment,medium,intermediate,medium,no,no,high,yes,high,yes,low,low,high,high,yes
A188,medium,apartment,small,beginner,medium,yes,yes,medium,yes,medium,no,high,high,medium,high,yes
A189,low,apartment,large,experienced,high,no,yes,low,yes,medium,yes,high,low,medium,high,no
A190,high,house,small,intermediate,low,no,no,low,no,low,yes,medium,low,medium,low,yes
A191,high,house,medium,experienced,medium,yes,no,medium,no,high,yes,low,high,high,low,no
A192,medium,apartment,medium,experienced,medium,no,yes,medium,no,high,no,low,low,high,low,yes
A193,high,apartment,large,experienced,low,yes,no,low,no,medium,yes,medium,high,low,low,yes
A194,medium,house,medium,beginner,medium,yes,no,low,yes,low,yes,high,medium,low,low,no
A195,medium,house,large,intermediate,medium,yes,no,low,no,medium,yes,low,low,high,low,no
A196,medium,apartment,large,intermediate,high,no,no,medium,no,high,yes,low,high,high,high,yes
A197,high,house,small,beginner,medium,yes,yes,high,yes,low,no,low,high,medium,medium,yes
A198,low,house,large,beginner,medium,yes,no,medium,no,low,yes,high,low,medium,medium,no
A199,medium,house,small,intermediate,low,yes,no,high,no,high,no,low,medium,high,medium,yes
A200,high,apartment,medium,beginner,medium,no,no,medium,yes,low,no,low,low,high,low,no
A201,medium,apartment,small,experienced,low,yes,yes,low,no,medium,no,medium,low,low,low,yes
A202,high,apartment,large,experienced,medium,no,no,low,no,low,no,medium,medium,high,low,yes
A203,medium,house,medium,beginner,medium,yes,yes,low,no,medium,no,high,low,low,high,yes
A204,low,apartment,medium,intermediate,high,yes,yes,high,no,medium,yes,low,high,medium,high,yes
A205,medium,house,medium,experienced,high,no,yes,high,no,low,no,high,high,high,high,no
A206,medium,apartment,medium,intermediate,high,yes,no,high,yes,low,yes,low,medium,high,low,no
A207,low,house,small,intermediate,medium,no,no,medium,no,low,no,high,medium,medium,high,no
A208,high,house,medium,experienced,high,no,no,low,no,medium,yes,medium,high,high,low,no
A209,low,house,medium,experienced,low,yes,no,medium,no,high,yes,high,high,low,low,no
A210,high,house,small,intermediate,medium,yes,yes,medium,yes,high,yes,high,high,medium,low,no
A211,low,house,large,experienced,low,no,no,high,no,medium,yes,low,low,medium,medium,yes
A212,high,apartment,large,beginner,medium,no,no,low,yes,high,yes,low,medium,medium,high,no
A213,medium,house,small,beginner,medium,yes,no,low,no,low,no,medium,low,medium,low,yes
A214,medium,house,large,experienced,high,yes,yes,low,yes,medium,yes,high,medium,high,medium,yes
A215,medium,apartment,medium,experienced,medium,yes,yes,high,no,high,no,medium,medium,high,low,yes
A216,low,apartment,medium,beginner,high,yes,yes,medium,yes,medium,yes,low,low,medium,high,no
A217,high,apartment,small,experienced,high,yes,no,medium,no,medium,yes,medium,medium,high,high,no
A218,medium,house,small,experienced,low,no,yes,medium,no,medium,no,high,high,medium,high,yes
A219,high,apartment,large,experienced,medium,no,yes,low,yes,low,no,medium,high,high,medium,yes
A220,medium,apartment,medium,intermediate,medium,no,no,medium,no,high,yes,medium,medium,low,medium,yes
A221,high,apartment,large,beginner,high,yes,yes,medium,no,high,no,medium,high,low,low,no
A222,medium,house,large,experienced,high,no,yes,low,yes,high,yes,low,low,low,high,yes
A223,low,house,small,beginner,low,yes,no,medium,yes,medium,no,medium,medium,low,medium,no
A224,high,apartment,small,beginner,high,no,no,high,yes,high,yes,low,high,high,high,no
A225,low,apartment,large,intermediate,low,yes,yes,low,yes,medium,yes,low,medium,medium,medium,yes
A226,medium,apartment,large,beginner,low,no,no,medium,yes,low,no,medium,low,medium,medium,yes
A227,low,house,small,experienced,high,no,no,high,no,low,yes,high,medium,low,low,no
A228,medium,house,large,beginner,medium,yes,no,low,yes,medium,no,low,low,low,medium,yes
A229,low,apartment,medium,intermediate,high,yes,yes,medium,yes,medium,no,low,medium,high,high,no
A230,medium,house,small,beginner,low,no,no,medium,no,low,no,medium,low,medium,medium,no
A231,high,apartment,medium,intermediate,high,yes,yes,medium,yes,medium,no,high,high,medium,low,no
A232,high,house,large,experienced,medium,no,no,high,yes,high,yes,high,low,medium,low,no
A233,low,house,medium,experienced,high,yes,no,high,no,medium,no,high,low,low,medium,yes
A234,high,apartment,large,intermediate,medium,yes,yes,medium,yes,medium,yes,medium,medium,high,low,yes
A235,high,house,medium,intermediate,low,yes,no,low,yes,high,no,high,high,medium,medium,yes
A236,low,apartment,large,experienced,low,no,no,low,no,high,no,low,low,medium,high,yes
A237,high,apartment,large,intermediate,medium,yes,yes,medium,no,low,yes,medium,medium,medium,high,no
A238,high,apartment,medium,experienced,low,no,yes,medium,no,medium,yes,low,low,low,medium,yes
A239,high,house,medium,intermediate,medium,no,yes,low,yes,low,yes,medium,high,high,high,no
A240,medium,apartment,small,beginner,low,no,no,medium,no,high,yes,low,low,medium,low,yes
A241,low,apartment,medium,beginner,medium,yes,yes,low,yes,high,no,high,low,low,low,no
A242,low,house,medium,experienced,medium,no,no,low,yes,high,no,high,low,medium,high,no
A243,low,apartment,large,experienced,medium,no,yes,high,no,low,yes,medium,medium,low,high,yes
A244,high,house,medium,beginner,medium,yes,no,medium,no,high,yes,low,high,low,medium,no
A245,high,house,medium,intermediate,medium,no,no,high,no,high,no,low,medium,high,high,no
A246,high,apartment,medium,intermediate,high,yes,no,medium,yes,medium,no,high,low,low,medium,no
A247,low,apartment,large,experienced,low,no,yes,medium,no,medium,no,high,low,medium,low,no
A248,high,apartment,small,intermediate,high,yes,no,high,yes,high,no,medium,low,high,medium,yes
A249,medium,house,medium,intermediate,high,no,no,low,yes,high,yes,medium,medium,high,low,no
A250,high,house,large,beginner,low,no,no,high,yes,medium,yes,medium,high,high,low,yes
A251,medium,apartment,small,beginner,medium,no,yes,high,no,high,yes,medium,low,medium,medium,no
A252,high,apartment,large,beginner,low,yes,no,high,yes,low,no,high,low,high,medium,no
A253,low,house,small,experienced,high,no,no,medium,no,medium,no,high,medium,medium,medium,no
A254,low,apartment,medium,intermediate,high,yes,yes,high,yes,medium,yes,medium,medium,high,low,no
A255,low,apartment,medium,intermediate,high,yes,yes,high,no,high,no,low,medium,high,medium,yes
A256,low,apartment,small,intermediate,high,yes,yes,low,yes,medium,yes,low,low,high,low,no
A257,low,house,medium,experienced,low,no,yes,medium,no,low,yes,high,medium,high,medium,no
A258,medium,house,large,beginner,high,yes,no,low,no,medium,yes,medium,low,high,high,no
A259,medium,apartment,medium,experienced,medium,no,yes,medium,yes,high,no,low,low,high,low,yes
A260,low,house,medium,experienced,medium,no,yes,high,no,medium,no,high,medium,medium,medium,yes
A261,low,house,small,intermediate,medium,no,yes,high,no,medium,no,medium,high,low,medium,yes
A262,medium,apartment,small,experienced,low,no,yes,high,yes,low,no,low,medium,high,low,yes
A263,medium,apartment,large,experienced,medium,no,yes,medium,yes,low,yes,low,medium,medium,low,yes
A264,high,apartment,medium,beginner,medium,yes,yes,low,no,high,no,medium,low,low,medium,no
A265,low,house,medium,intermediate,low,yes,yes,low,yes,high,no,low,high,high,high,yes
A266,low,house,large,beginner,high,no,yes,medium,no,high,yes,high,high,medium,medium,yes
A267,medium,house,large,experienced,medium,yes,no,high,yes,high,yes,medium,medium,low,high,yes
A268,medium,house,large,experienced,high,yes,yes,high,yes,high,no,low,high,medium,high,yes
A269,low,house,medium,experienced,low,yes,no,high,no,medium,yes,high,low,high,low,yes
A270,low,house,small,beginner,low,no,no,low,no,low,no,medium,high,low,medium,no
A271,low,house,medium,beginner,medium,yes,yes,high,no,high,no,high,medium,high,high,no
A272,low,house,medium,intermediate,medium,yes,no,high,no,medium,no,medium,medium,low,medium,no
A273,medium,house,large,intermediate,medium,no,yes,medium,yes,high,yes,low,medium,low,high,yes
A274,low,house,medium,experienced,medium,no,yes,high,yes,medium,yes,high,low,high,low,no
A275,medium,house,medium,beginner,low,no,yes,low,no,low,yes,high,high,low,medium,no
A276,high,apartment,medium,beginner,low,no,no,low,no,low,no,medium,low,high,medium,yes
A277,low,house,large,intermediate,low,yes,no,low,yes,medium,no,low,low,low,low,no
A278,medium,house,small,intermediate,medium,yes,yes,high,no,medium,no,high,high,low,high,no
A279,high,apartment,small,beginner,low,no,yes,low,no,low,yes,low,medium,low,low,yes
A280,low,apartment,small,beginner,high,yes,yes,high,yes,medium,no,high,medium,low,medium,no
A281,high,apartment,medium,beginner,low,yes,no,low,no,high,no,high,medium,high,low,no
A282,medium,house,medium,beginner,medium,yes,no,low,no,low,no,low,medium,medium,high,yes
A283,high,house,large,intermediate,high,yes,yes,low,no,medium,no,medium,low,high,medium,yes
A284,high,apartment,large,beginner,low,yes,yes,low,no,medium,no,low,high,high,high,yes
A285,medium,house,small,experienced,low,no,no,medium,no,low,yes,medium,low,medium,high,yes
A286,high,apartment,small,intermediate,low,yes,no,medium,yes,medium,no,high,high,high,low,no
A287,medium,apartment,medium,experienced,high,no,no,medium,yes,low,no,low,high,medium,medium,yes
A288,high,apartment,small,intermediate,high,no,yes,medium,no,low,no,low,medium,low,low,no
A289,high,house,medium,experienced,high,yes,yes,medium,yes,low,no,high,medium,low,high,yes
A290,medium,apartment,medium,intermediate,high,yes,no,low,yes,low,yes,medium,low,high,low,yes
A291,low,house,large,beginner,high,yes,yes,high,no,medium,yes,high,medium,medium,medium,yes
A292,high,house,large,experienced,medium,no,yes,low,no,medium,yes,medium,medium,high,high,no
A293,high,house,small,intermediate,medium,no,yes,low,no,low,no,low,low,high,low,yes
A294,low,house,large,experienced,medium,no,yes,high,no,low,yes,low,high,low,medium,no
A295,high,apartment,medium,experienced,medium,yes,no,high,no,low,no,high,low,low,high,no
A296,medium,apartment,medium,beginner,low,no,yes,high,no,high,no,medium,low,high,high,yes
A297,medium,apartment,medium,experienced,medium,no,no,low,yes,high,yes,high,medium,high,high,yes
A298,medium,apartment,large,intermediate,low,yes,no,high,no,low,no,medium,high,medium,low,yes
A299,low,apartment,small,experienced,low,yes,yes,medium,yes,low,yes,medium,high,low,medium,yes
A300,low,apartment,large,experienced,high,no,yes,high,yes,low,no,high,low,medium,low,yes
A301,low,apartment,small,beginner,medium,no,no,low,yes,medium,yes,low,medium,low,high,no
A302,medium,apartment,large,experienced,low,no,no,high,no,high,no,high,low,high,high,yes
A303,high,apartment,small,intermediate,medium,no,yes,high,yes,high,no,low,low,medium,medium,no
A304,medium,house,large,experienced,medium,yes,no,medium,yes,low,no,medium,high,medium,low,no
A305,medium,house,large,intermediate,high,no,yes,low,yes,medium,yes,high,medium,medium,medium,no
A306,high,apartment,large,experienced,medium,no,no,medium,no,low,no,low,medium,medium,high,yes
A307,medium,apartment,small,intermediate,high,no,no,medium,yes,medium,no,low,high,low,high,yes
A308,high,house,small,beginner,medium,no,no,medium,yes,low,yes,medium,medium,low,medium,yes
A309,medium,apartment,large,beginner,medium,no,no,medium,no,medium,no,medium,low,high,high,no
A310,high,house,medium,beginner,high,no,no,medium,no,high,no,medium,medium,high,high,yes
A311,medium,house,medium,intermediate,medium,no,no,high,yes,high,no,low,medium,medium,low,yes
A312,high,house,large,experienced,low,no,yes,low,no,low,no,low,high,high,high,no
A313,low,apartment,large,experienced,low,no,yes,medium,no,high,yes,low,high,high,high,no
A314,low,house,medium,beginner,high,yes,yes,high,yes,high,yes,medium,high,medium,high,yes
A315,medium,apartment,small,beginner,high,yes,yes,medium,yes,low,yes,low,medium,medium,high,yes
A316,high,house,medium,experienced,low,yes,yes,medium,yes,medium,no,low,low,high,low,yes
A317,medium,apartment,large,intermediate,low,no,yes,medium,yes,medium,yes,medium,low,high,high,yes
A318,high,apartment,medium,intermediate,low,yes,no,medium,no,high,yes,medium,high,medium,medium,no
A319,low,apartment,small,intermediate,medium,yes,yes,medium,yes,high,yes,high,low,low,medium,no
A320,low,apartment,medium,experienced,medium,no,yes,low,yes,medium,no,medium,high,low,medium,yes
A321,medium,house,large,intermediate,medium,no,yes,high,no,low,no,high,low,high,medium,no
A322,low,apartment,large,intermediate,low,no,no,low,yes,medium,yes,high,medium,low,high,yes
A323,high,apartment,medium,intermediate,low,no,yes,low,no,low,no,medium,medium,low,high,yes
A324,medium,apartment,medium,beginner,low,yes,no,medium,no,high,no,low,high,medium,medium,yes
A325,medium,apartment,medium,experienced,low,yes,no,high,no,high,no,low,medium,high,low,yes
A326,medium,house,large,experienced,high,yes,yes,high,yes,medium,no,medium,low,high,low,yes
A327,low,house,medium,beginner,high,no,no,medium,no,low,yes,high,medium,medium,medium,no
A328,low,house,small,intermediate,medium,no,no,high,no,medium,yes,low,high,high,high,no
A329,low,apartment,large,intermediate,medium,yes,no,low,no,medium,yes,high,medium,low,medium,no
A330,medium,house,small,beginner,high,no,no,high,no,high,no,high,high,high,high,no
A331,low,apartment,medium,experienced,low,yes,no,low,yes,low,yes,low,high,medium,medium,no
A332,high,house,medium,experienced,medium,yes,yes,high,yes,high,no,medium,medium,high,low,yes
A333,medium,apartment,large,experienced,medium,no,yes,high,no,high,yes,high,low,high,low,no
A334,high,house,small,experienced,high,yes,yes,high,no,medium,no,low,medium,high,low,yes
A335,high,apartment,medium,experienced,medium,no,yes,medium,yes,medium,no,medium,high,medium,medium,yes
A336,high,apartment,small,beginner,low,yes,yes,low,yes,medium,yes,low,medium,medium,low,yes
A337,low,apartment,small,beginner,high,yes,yes,medium,no,low,no,high,low,low,high,no
A338,medium,apartment,small,experienced,high,yes,yes,low,yes,high,yes,high,low,medium,low,yes
A339,medium,apartment,large,beginner,medium,no,no,low,no,high,yes,high,high,medium,medium,yes
A340,medium,apartment,small,beginner,medium,yes,no,high,no,high,yes,low,medium,medium,medium,no
A341,high,house,large,beginner,medium,yes,yes,high,yes,low,yes,high,low,low,medium,no
A342,medium,house,medium,beginner,medium,no,yes,medium,no,low,yes,high,low,medium,high,yes
A343,medium,house,medium,intermediate,high,yes,no,low,yes,high,yes,medium,medium,medium,medium,no
A344,low,apartment,small,beginner,medium,no,no,medium,no,low,yes,low,high,high,medium,yes
A345,medium,house,medium,experienced,low,yes,no,low,yes,low,yes,medium,low,medium,medium,yes
A346,medium,apartment,large,experienced,low,yes,no,high,no,medium,yes,low,medium,high,high,no
A347,high,apartment,medium,beginner,high,no,yes,low,no,medium,yes,medium,high,medium,high,yes
A348,medium,house,medium,intermediate,medium,yes,no,low,no,low,no,medium,medium,low,medium,no
A349,high,house,small,experienced,high,no,no,high,no,medium,yes,high,low,high,high,no
A350,low,house,medium,experienced,high,no,no,medium,no,medium,yes,medium,low,low,high,yes
A351,high,house,medium,intermediate,low,yes,yes,medium,no,high,no,low,low,low,high,no
A352,low,house,large,beginner,medium,no,no,high,yes,high,yes,low,low,medium,medium,no
A353,high,house,medium,experienced,medium,yes,yes,high,yes,high,no,high,high,medium,medium,yes
A354,high,house,small,experienced,low,yes,yes,low,yes,high,no,medium,high,low,medium,yes
A355,medium,house,medium,beginner,medium,yes,yes,high,no,low,yes,medium,medium,medium,low,yes
A356,low,apartment,medium,intermediate,medium,no,no,low,yes,medium,yes,high,low,high,low,no
A357,low,house,small,experienced,medium,yes,no,high,no,high,no,low,medium,low,medium,yes
A358,medium,apartment,large,experienced,high,no,no,low,no,medium,no,medium,high,low,high,no
A359,medium,house,medium,experienced,low,yes,yes,medium,no,medium,no,low,high,high,high,no
A360,low,apartment,medium,intermediate,medium,yes,no,high,yes,high,no,low,high,high,high,yes
A361,medium,apartment,large,intermediate,medium,yes,no,high,no,high,yes,high,high,high,medium,yes
A362,high,house,medium,beginner,low,yes,no,high,yes,medium,yes,low,high,high,high,yes
A363,high,house,small,intermediate,high,yes,yes,medium,yes,low,no,high,low,low,high,no
A364,high,house,large,experienced,low,no,no,low,no,low,no,medium,medium,high,medium,yes
A365,high,house,medium,beginner,low,yes,no,low,yes,high,yes,medium,high,low,medium,no
A366,medium,apartment,small,experienced,low,yes,yes,medium,no,high,no,medium,low,medium,high,no
A367,medium,house,medium,experienced,medium,no,yes,high,yes,high,no,low,medium,medium,high,yes
A368,high,house,medium,intermediate,low,no,yes,medium,no,low,no,high,low,medium,high,no
A369,high,house,large,experienced,medium,yes,no,low,yes,high,yes,medium,medium,low,medium,no
A370,medium,apartment,medium,intermediate,medium,yes,yes,high,no,low,no,high,low,high,low,yes
A371,high,house,large,intermediate,low,yes,no,high,no,medium,yes,high,medium,high,high,no
A372,low,house,small,beginner,high,yes,yes,low,no,medium,yes,medium,medium,low,low,yes
A373,medium,house,medium,beginner,medium,yes,yes,low,yes,low,no,low,high,high,low,yes
A374,high,apartment,large,experienced,low,no,yes,medium,no,medium,yes,high,high,low,low,yes
A375,medium,house,large,experienced,low,yes,no,high,yes,medium,yes,low,medium,low,high,no
A376,high,house,small,experienced,medium,yes,yes,high,no,medium,no,low,high,low,low,yes
A377,medium,apartment,large,experienced,medium,yes,no,low,yes,low,yes,medium,low,high,low,no
A378,high,apartment,small,experienced,low,yes,no,high,yes,medium,yes,low,medium,medium,high,no
A379,low,apartment,small,beginner,medium,yes,no,low,yes,medium,no,high,low,medium,high,yes
A380,medium,apartment,small,intermediate,low,yes,yes,low,no,low,yes,low,high,medium,medium,yes
A381,high,apartment,medium,beginner,high,no,no,medium,yes,high,yes,low,medium,low,medium,no
A382,low,house,large,experienced,high,no,yes,high,yes,medium,no,high,medium,low,medium,no
A383,medium,house,medium,beginner,high,yes,no,medium,yes,medium,yes,medium,high,medium,medium,yes
A384,high,apartment,medium,experienced,low,no,yes,high,no,high,yes,low,medium,high,low,yes
A385,high,house,medium,intermediate,high,yes,yes,medium,no,medium,no,low,high,high,low,no
A386,high,apartment,large,intermediate,high,no,no,high,yes,medium,yes,high,low,low,high,no
A387,low,apartment,small,experienced,low,yes,no,high,no,low,no,high,low,low,low,no
A388,low,apartment,medium,experienced,low,yes,no,low,no,high,yes,low,high,medium,low,no
A389,medium,apartment,small,experienced,medium,yes,yes,medium,no,medium,yes,medium,medium,high,low,no
A390,low,house,small,intermediate,medium,no,no,low,yes,low,no,high,medium,medium,medium,yes
A391,high,apartment,medium,intermediate,low,yes,no,low,yes,medium,yes,high,high,medium,medium,no
A392,low,house,medium,experienced,low,no,yes,high,no,high,yes,low,medium,low,medium,no
A393,high,house,small,beginner,medium,yes,no,low,no,low,no,low,medium,high,high,no
A394,medium,apartment,large,beginner,medium,no,no,medium,yes,low,yes,medium,high,high,low,no
A395,high,house,large,beginner,high,no,yes,high,yes,low,yes,high,high,low,low,no
A396,low,apartment,medium,experienced,medium,yes,yes,high,no,low,yes,medium,medium,low,low,no
A397,medium,house,large,beginner,low,no,yes,medium,no,medium,yes,high,low,low,low,yes
A398,medium,apartment,large,intermediate,low,no,yes,low,yes,low,yes,medium,medium,low,low,yes
A399,low,house,large,intermediate,low,yes,no,low,yes,low,no,high,medium,high,medium,yes
A400,medium,house,small,beginner,low,no,no,low,yes,low,no,medium,high,high,low,yes
A401,medium,apartment,small,intermediate,high,yes,yes,medium,no,low,no,high,high,low,low,yes
A402,low,apartment,small,beginner,high,no,no,medium,no,high,yes,medium,high,low,medium,yes
A403,high,apartment,medium,beginner,high,no,yes,medium,yes,low,yes,low,low,high,high,no
A404,medium,house,small,intermediate,high,yes,yes,low,yes,medium,no,high,high,medium,high,no
A405,medium,apartment,small,intermediate,high,no,yes,low,yes,high,no,medium,low,medium,high,yes
A406,low,house,large,experienced,medium,yes,no,medium,yes,medium,yes,high,medium,medium,low,no
A407,high,house,medium,experienced,high,yes,no,low,yes,high,yes,high,high,high,low,yes
A408,high,apartment,medium,intermediate,low,no,no,medium,no,high,yes,medium,high,high,high,yes
A409,high,apartment,medium,experienced,high,yes,no,medium,no,low,no,medium,low,high,medium,no
A410,medium,house,medium,beginner,high,yes,yes,medium,no,high,yes,medium,high,high,medium,no
A411,medium,house,small,intermediate,low,yes,yes,low,yes,low,no,medium,low,medium,low,no
A412,low,apartment,small,beginner,low,no,no,high,yes,medium,no,low,high,high,low,yes
A413,low,house,large,beginner,high,yes,no,medium,yes,high,no,high,low,low,low,no
A414,medium,house,medium,beginner,high,yes,no,high,yes,medium,no,high,low,low,high,no
A415,low,apartment,small,experienced,medium,no,no,high,yes,low,yes,medium,low,high,low,yes
A416,low,house,medium,intermediate,medium,yes,yes,medium,yes,high,yes,low,low,low,low,no
A417,high,apartment,small,beginner,high,yes,yes,medium,no,low,no,medium,low,low,medium,no
A418,high,house,large,intermediate,medium,yes,no,medium,yes,low,yes,low,high,low,low,no
A419,high,apartment,large,experienced,high,no,no,medium,no,high,yes,medium,high,high,high,yes
A420,high,house,medium,experienced,high,no,no,medium,no,medium,yes,medium,medium,medium,high,no
A421,high,house,small,beginner,medium,no,yes,low,yes,medium,yes,high,medium,medium,high,yes
A422,low,apartment,medium,intermediate,medium,yes,no,low,yes,low,yes,high,high,low,low,no
A423,low,apartment,medium,intermediate,low,no,no,medium,yes,low,yes,medium,low,low,high,no
A424,medium,house,small,intermediate,high,no,yes,low,no,medium,yes,medium,medium,high,medium,yes
A425,medium,house,small,intermediate,low,no,yes,high,no,high,no,low,low,low,low,yes
A426,medium,house,medium,experienced,high,yes,yes,low,yes,high,yes,high,high,medium,low,no
A427,medium,apartment,large,beginner,high,no,no,medium,no,low,no,medium,high,high,high,no
A428,high,house,small,experienced,high,no,yes,low,yes,high,yes,medium,low,high,medium,no
A429,medium,house,medium,beginner,low,no,yes,high,yes,high,yes,medium,high,medium,low,yes
A430,low,apartment,small,intermediate,high,no,no,high,no,medium,yes,low,high,high,high,no
A431,low,house,medium,intermediate,medium,yes,yes,low,no,high,no,medium,high,medium,medium,yes
A432,medium,house,medium,intermediate,high,no,no,low,no,low,yes,high,medium,high,high,no
A433,high,apartment,medium,experienced,high,no,no,high,yes,medium,yes,high,high,medium,low,no
A434,low,apartment,large,intermediate,low,yes,yes,low,yes,high,yes,low,high,low,low,no
A435,high,apartment,large,intermediate,low,yes,yes,low,no,high,no,low,low,medium,medium,no
A436,low,house,small,intermediate,low,no,yes,high,yes,medium,yes,high,low,medium,high,no
A437,low,house,medium,experienced,low,no,yes,low,yes,low,no,medium,low,low,medium,no
A438,high,apartment,medium,intermediate,medium,no,no,medium,no,low,no,low,low,medium,medium,no
A439,high,apartment,medium,experienced,high,yes,yes,high,no,medium,yes,medium,high,medium,medium,no
A440,medium,apartment,medium,beginner,high,yes,no,high,no,low,yes,medium,high,low,medium,no
A441,low,apartment,small,intermediate,high,no,no,medium,yes,medium,no,high,medium,high,high,yes
A442,medium,house,medium,beginner,high,yes,yes,medium,yes,medium,no,low,high,medium,medium,yes
A443,high,apartment,medium,intermediate,medium,no,yes,high,no,medium,no,high,high,medium,high,yes
A444,low,house,medium,intermediate,low,no,no,low,yes,low,no,low,low,low,high,no
A445,low,house,medium,experienced,high,no,no,low,no,high,yes,medium,high,high,low,yes
A446,medium,apartment,small,intermediate,low,no,no,low,yes,high,no,medium,medium,low,high,no
A447,low,house,small,intermediate,medium,yes,no,medium,yes,medium,yes,medium,low,high,medium,yes
A448,low,apartment,small,intermediate,low,yes,no,medium,no,low,no,low,high,low,high,no
A449,low,apartment,medium,intermediate,medium,no,no,low,no,low,yes,medium,medium,medium,low,no
A450,high,apartment,large,beginner,low,yes,no,low,no,low,no,medium,high,high,high,no
A451,low,house,small,intermediate,high,no,no,high,yes,medium,yes,high,high,high,low,yes
A452,high,apartment,small,experienced,medium,yes,yes,medium,yes,medium,no,high,medium,low,low,no
A453,high,house,small,intermediate,high,no,no,high,yes,high,no,low,high,high,low,no
A454,medium,house,medium,intermediate,medium,no,yes,medium,yes,medium,no,medium,high,low,high,yes
A455,medium,house,medium,experienced,high,yes,no,low,yes,low,no,medium,medium,medium,medium,yes
A456,low,house,small,experienced,medium,yes,yes,low,no,medium,yes,high,high,medium,medium,yes
A457,high,house,large,experienced,medium,no,yes,medium,yes,high,yes,medium,low,low,low,no
A458,low,house,large,intermediate,high,no,yes,high,yes,medium,yes,low,low,high,medium,no
A459,high,house,small,intermediate,low,no,yes,high,no,medium,yes,medium,high,medium,medium,yes
A460,high,house,large,intermediate,high,no,yes,low,no,medium,no,medium,medium,medium,medium,yes
A461,high,house,small,beginner,high,no,no,high,no,low,no,low,low,low,medium,yes
A462,medium,house,medium,beginner,medium,yes,no,low,no,medium,no,low,high,low,medium,yes
A463,low,house,medium,intermediate,medium,no,yes,low,yes,medium,yes,high,low,medium,medium,no
A464,high,house,large,beginner,high,yes,no,high,yes,medium,yes,low,high,medium,medium,no
A465,low,apartment,medium,intermediate,high,yes,yes,medium,no,medium,no,high,low,medium,low,yes
A466,low,house,small,beginner,low,no,no,high,no,high,no,low,high,low,low,yes
A467,medium,house,small,beginner,low,no,yes,high,yes,medium,no,medium,high,high,low,no
A468,low,apartment,medium,experienced,high,no,yes,low,yes,low,yes,low,high,high,medium,no
A469,medium,house,small,beginner,low,no,no,high,no,high,no,low,medium,high,medium,yes
A470,medium,apartment,large,experienced,medium,yes,yes,low,yes,low,yes,high,low,high,high,no
A471,low,apartment,small,experienced,high,no,yes,medium,no,medium,yes,medium,low,high,medium,no
A472,low,house,small,experienced,medium,no,yes,high,no,low,no,medium,low,high,low,yes
A473,high,house,medium,experienced,medium,yes,no,high,no,medium,yes,high,medium,low,medium,no
A474,medium,house,large,beginner,medium,yes,no,low,yes,high,yes,low,low,medium,medium,no
A475,high,house,small,intermediate,low,yes,no,low,no,medium,yes,medium,low,medium,high,no
A476,medium,apartment,small,intermediate,low,yes,yes,high,no,medium,yes,low,low,high,high,yes
A477,low,apartment,small,intermediate,low,no,yes,medium,no,high,yes,low,high,low,low,no
A478,medium,house,medium,experienced,high,yes,yes,high,no,medium,no,medium,medium,high,high,no
A479,low,apartment,medium,beginner,medium,yes,no,medium,yes,high,yes,low,low,low,medium,yes
A480,high,apartment,large,intermediate,high,no,yes,low,yes,low,yes,low,high,low,medium,no
A481,low,house,large,beginner,medium,no,yes,medium,no,medium,no,medium,low,medium,low,yes
A482,high,house,medium,intermediate,high,yes,no,high,yes,high,yes,low,high,medium,low,no
A483,low,house,medium,beginner,high,yes,yes,high,yes,medium,no,high,low,high,low,no
A484,medium,apartment,small,intermediate,low,no,yes,low,yes,low,yes,medium,high,high,high,yes
A485,medium,apartment,medium,beginner,high,no,yes,high,yes,medium,yes,medium,medium,medium,low,no
A486,medium,house,medium,experienced,high,no,yes,high,yes,low,yes,high,high,medium,high,yes
A487,low,house,large,intermediate,medium,yes,yes,low,yes,medium,no,medium,low,medium,low,yes
A488,medium,house,small,intermediate,high,yes,yes,high,no,low,yes,high,low,high,low,yes
A489,low,house,large,intermediate,low,no,yes,low,no,low,no,medium,medium,high,high,yes
A490,low,house,small,intermediate,high,no,no,medium,no,low,yes,medium,low,medium,high,yes
A491,high,house,large,intermediate,high,no,yes,high,yes,high,no,high,medium,low,low,no
A492,medium,apartment,large,beginner,low,yes,no,medium,yes,low,yes,low,high,low,high,yes
A493,low,apartment,large,intermediate,high,yes,no,medium,no,low,yes,low,medium,low,medium,no
A494,low,house,small,beginner,medium,yes,no,medium,yes,medium,yes,high,high,medium,low,no
A495,high,apartment,small,experienced,medium,yes,no,low,yes,low,no,high,high,high,medium,yes
A496,high,apartment,large,intermediate,low,yes,no,low,no,high,yes,medium,high,low,high,no
A497,high,house,large,experienced,low,yes,no,high,yes,low,no,low,high,medium,low,no
A498,low,house,large,experienced,high,no,yes,medium,yes,medium,yes,high,low,medium,medium,yes
A499,high,apartment,large,intermediate,low,no,yes,low,no,medium,no,low,medium,low,medium,no
A500,medium,house,medium,intermediate,medium,yes,no,high,yes,low,no,high,low,low,high,no
A501,low,house,medium,beginner,medium,no,no,medium,no,high,no,medium,low,low,high,yes
A502,high,house,small,beginner,low,yes,no,high,yes,high,no,low,medium,high,high,yes
A503,medium,house,small,intermediate,low,yes,yes,high,no,high,yes,high,medium,medium,low,yes
A504,high,apartment,medium,intermediate,high,yes,yes,high,yes,medium,no,high,medium,medium,medium,yes
A505,high,apartment,medium,beginner,medium,yes,no,high,yes,medium,no,low,high,medium,low,yes
A506,high,house,medium,intermediate,high,yes,no,medium,no,medium,no,low,low,low,low,yes
A507,medium,apartment,small,intermediate,medium,no,yes,high,yes,low,yes,medium,medium,low,low,yes
A508,low,house,large,intermediate,high,yes,yes,high,no,medium,no,medium,high,medium,medium,yes
A509,high,house,medium,beginner,medium,no,yes,low,no,low,no,high,low,medium,high,yes
A510,high,house,large,experienced,high,yes,yes,medium,yes,low,yes,low,high,high,low,yes
A511,medium,house,small,experienced,medium,no,no,medium,yes,low,no,low,high,medium,low,no
A512,medium,house,large,beginner,high,no,yes,medium,yes,low,yes,low,high,high,low,yes
A513,high,apartment,large,experienced,low,no,no,low,yes,high,yes,high,medium,low,low,yes
A514,low,apartment,medium,beginner,medium,yes,yes,medium,yes,high,yes,low,high,high,medium,yes
A515,high,apartment,small,beginner,medium,no,yes,high,no,low,yes,low,low,low,high,yes
A516,medium,apartment,medium,intermediate,low,yes,yes,low,yes,low,no,low,high,medium,low,no
A517,high,house,medium,beginner,medium,yes,no,medium,no,medium,yes,high,medium,high,medium,no
A518,high,house,medium,experienced,low,yes,yes,low,yes,medium,yes,low,medium,high,medium,yes
A519,high,apartment,small,intermediate,high,yes,no,medium,yes,medium,yes,low,medium,low,low,no
A520,high,apartment,medium,intermediate,low,yes,yes,low,no,high,yes,medium,medium,low,high,no
A521,high,house,small,intermediate,high,yes,no,low,yes,high,no,high,low,low,high,no
A522,low,apartment,medium,experienced,medium,yes,no,medium,no,low,no,low,medium,low,medium,yes
A523,medium,house,medium,beginner,high,yes,yes,medium,yes,high,no,low,medium,medium,high,no
A524,medium,house,large,intermediate,low,no,no,medium,yes,medium,yes,high,high,low,high,no
A525,high,apartment,large,experienced,medium,yes,no,medium,yes,low,yes,high,high,high,medium,no
A526,medium,house,large,beginner,medium,yes,no,high,no,medium,yes,high,high,high,high,no
A527,high,apartment,medium,intermediate,medium,yes,yes,high,no,medium,yes,low,low,low,low,yes
A528,low,house,large,intermediate,medium,yes,no,low,no,low,yes,medium,high,high,medium,yes
A529,low,house,large,intermediate,low,no,yes,medium,no,low,no,medium,high,low,low,no
A530,low,apartment,large,beginner,high,yes,no,low,yes,medium,no,high,medium,medium,medium,no
A531,medium,house,medium,intermediate,low,no,no,high,yes,low,yes,medium,medium,high,medium,no
A532,medium,apartment,medium,experienced,low,no,yes,low,no,medium,yes,high,low,low,high,no
A533,medium,apartment,medium,experienced,high,no,yes,medium,no,low,yes,low,low,medium,medium,yes
A534,high,apartment,small,intermediate,medium,yes,no,medium,yes,medium,no,low,low,low,high,yes
A535,high,house,large,intermediate,medium,yes,no,low,no,low,yes,high,medium,high,low,yes
A536,low,house,medium,beginner,high,yes,yes,low,yes,high,no,high,high,low,low,no
A537,low,apartment,small,intermediate,high,no,no,high,yes,medium,no,low,high,low,medium,yes
A538,low,house,small,intermediate,low,no,yes,low,yes,high,yes,low,low,medium,high,no
A539,high,apartment,small,intermediate,low,yes,yes,low,yes,low,no,high,high,high,high,no
A540,medium,apartment,large,experienced,medium,yes,yes,low,no,high,no,high,high,high,medium,no
A541,high,house,large,experienced,medium,yes,no,medium,no,high,no,high,medium,low,low,yes
A542,medium,apartment,large,experienced,medium,yes,no,medium,no,high,no,medium,high,medium,high,yes
A543,medium,apartment,medium,experienced,high,no,yes,low,no,medium,no,medium,low,medium,low,no
A544,low,house,small,experienced,low,yes,no,high,yes,medium,yes,medium,medium,high,medium,no
A545,medium,apartment,medium,intermediate,high,yes,no,medium,no,low,yes,low,medium,medium,high,yes
A546,low,house,small,experienced,low,yes,no,medium,no,medium,no,medium,low,low,high,yes
A547,low,house,large,intermediate,high,yes,no,low,no,low,yes,high,high,medium,high,yes
A548,high,house,small,intermediate,low,yes,no,high,yes,medium,yes,medium,low,high,low,no
A549,low,apartment,small,experienced,low,no,no,high,no,low,no,high,high,low,high,no
A550,medium,house,large,beginner,high,yes,no,high,yes,low,yes,low,high,low,low,no
A551,low,house,small,beginner,high,yes,no,medium,yes,high,yes,medium,low,low,medium,yes
A552,low,apartment,large,intermediate,low,yes,yes,medium,yes,low,yes,high,medium,low,high,no
A553,high,house,small,experienced,high,no,no,high,no,high,yes,medium,low,low,medium,no
A554,high,apartment,large,intermediate,high,no,yes,low,no,medium,yes,medium,low,low,high,no
A555,low,apartment,small,intermediate,high,yes,no,medium,no,medium,yes,low,low,high,medium,no
A556,high,apartment,large,intermediate,high,yes,yes,medium,yes,medium,yes,high,medium,low,low,no
A557,high,apartment,medium,intermediate,low,yes,no,low,no,high,no,low,low,medium,medium,no
A558,high,house,small,intermediate,high,yes,yes,low,yes,high,yes,high,high,high,low,yes
A559,high,apartment,large,beginner,low,no,no,high,yes,medium,yes,high,high,low,low,no
A560,high,apartment,medium,experienced,medium,no,yes,medium,no,high,yes,medium,low,medium,high,no
A561,high,apartment,medium,experienced,high,no,no,low,yes,high,no,medium,high,medium,low,yes
A562,low,apartment,large,experienced,low,yes,no,low,yes,high,no,medium,medium,medium,medium,no
A563,low,apartment,medium,experienced,low,no,yes,high,no,medium,yes,high,medium,medium,high,no
A564,medium,house,small,beginner,low,no,yes,low,yes,low,no,medium,medium,medium,low,yes
A565,high,apartment,large,experienced,medium,yes,no,medium,no,high,no,medium,high,low,medium,yes
A566,medium,apartment,medium,intermediate,low,yes,yes,medium,yes,medium,no,high,high,high,high,no
A567,low,apartment,large,beginner,low,no,no,low,yes,low,no,medium,medium,low,low,no
A568,medium,house,small,experienced,low,no,no,high,no,high,yes,medium,high,low,low,yes
A569,medium,apartment,large,experienced,high,no,yes,high,yes,high,yes,low,medium,medium,high,yes
A570,low,house,large,experienced,low,no,yes,low,yes,low,no,high,medium,high,medium,yes
A571,high,house,small,intermediate,high,yes,no,low,yes,medium,no,low,medium,medium,low,yes
A572,medium,house,small,beginner,high,no,yes,low,yes,low,yes,low,high,low,low,yes
A573,low,apartment,large,intermediate,medium,yes,yes,medium,yes,low,yes,high,high,low,high,no
A574,medium,house,small,beginner,low,no,yes,low,no,high,yes,high,high,high,medium,yes
A575,low,apartment,small,experienced,high,no,no,medium,yes,low,no,medium,medium,low,high,yes
A576,low,apartment,medium,experienced,high,no,no,low,yes,low,no,high,medium,high,low,no
A577,low,apartment,large,beginner,low,yes,no,high,yes,medium,no,low,high,low,high,no
A578,low,house,large,beginner,low,no,no,high,no,low,no,medium,high,high,medium,no
A579,low,apartment,medium,beginner,medium,yes,yes,low,yes,low,yes,low,high,high,high,yes
A580,high,house,medium,beginner,low,yes,yes,medium,no,medium,yes,medium,low,medium,low,no
A581,medium,house,small,experienced,medium,no,no,high,yes,medium,yes,low,low,low,high,yes
A582,high,house,large,beginner,medium,no,yes,low,yes,medium,yes,high,low,high,medium,yes
A583,low,apartment,large,intermediate,medium,yes,no,medium,no,low,yes,high,low,medium,medium,no
A584,high,apartment,medium,beginner,high,no,no,medium,yes,high,yes,low,medium,high,low,no
A585,medium,house,small,beginner,medium,no,yes,medium,no,medium,no,high,medium,low,low,no
A586,low,house,small,beginner,medium,no,yes,low,yes,high,yes,high,high,low,high,no
A587,medium,house,small,beginner,high,no,yes,high,no,low,yes,low,medium,medium,low,no
A588,low,apartment,large,experienced,low,yes,yes,high,no,medium,no,low,medium,high,high,yes
A589,medium,apartment,medium,beginner,medium,yes,no,high,no,high,no,high,high,medium,medium,yes
A590,high,house,medium,experienced,medium,yes,yes,low,yes,high,yes,medium,medium,medium,medium,yes
A591,low,house,large,beginner,high,no,yes,high,yes,medium,yes,high,low,low,medium,no
A592,high,apartment,large,experienced,low,yes,yes,high,yes,high,no,low,low,high,medium,yes
A593,medium,house,large,beginner,low,no,yes,medium,yes,medium,yes,medium,high,medium,high,no
A594,medium,apartment,medium,beginner,medium,yes,yes,medium,yes,low,yes,high,medium,high,medium,yes
A595,medium,apartment,large,experienced,low,yes,yes,low,no,low,yes,medium,high,low,high,no
A596,low,house,small,experienced,high,yes,no,high,yes,low,no,high,high,low,high,no
A597,medium,apartment,medium,experienced,high,no,no,low,no,high,no,medium,high,low,medium,yes
A598,medium,apartment,medium,experienced,high,yes,no,high,no,high,no,medium,high,high,high,yes
A599,low,house,medium,beginner,high,yes,no,low,yes,low,yes,high,high,medium,high,no
A600,medium,house,small,intermediate,medium,no,no,medium,no,medium,no,high,low,medium,low,no
A601,medium,house,large,experienced,high,no,no,high,no,low,no,low,low,high,high,yes
A602,medium,apartment,small,beginner,low,yes,yes,medium,yes,medium,no,medium,medium,low,high,no
A603,medium,apartment,medium,intermediate,low,no,no,high,yes,medium,yes,medium,medium,medium,medium,no
A604,high,apartment,small,intermediate,medium,no,yes,low,no,low,yes,medium,low,high,medium,yes
A605,medium,house,medium,intermediate,high,no,no,low,yes,medium,no,low,low,high,medium,no
A606,medium,house,medium,experienced,high,yes,yes,medium,no,medium,yes,medium,medium,medium,low,yes
A607,medium,house,small,beginner,high,no,no,low,no,high,yes,low,low,low,low,yes
A608,high,apartment,small,experienced,medium,no,yes,low,yes,medium,yes,high,medium,low,high,yes
A609,high,house,large,experienced,medium,no,no,low,no,high,no,low,low,low,low,no
A610,medium,house,small,beginner,high,no,yes,medium,no,medium,yes,medium,low,medium,high,yes
A611,medium,apartment,large,experienced,high,no,no,low,no,medium,no,high,medium,low,low,no
A612,high,apartment,medium,beginner,low,no,yes,high,no,medium,no,high,high,low,low,yes
A613,medium,house,large,experienced,high,no,no,medium,no,high,no,high,low,high,high,no
A614,high,apartment,medium,experienced,low,no,yes,medium,no,high,no,high,low,medium,low,no
A615,high,house,small,beginner,medium,yes,yes,medium,yes,medium,no,high,low,medium,low,no
A616,low,apartment,large,beginner,medium,no,no,low,no,medium,yes,medium,low,medium,high,no
A617,medium,house,medium,experienced,high,no,no,low,no,medium,no,low,low,medium,medium,no
A618,high,apartment,small,experienced,medium,no,yes,medium,no,low,no,medium,low,low,high,no
A619,high,apartment,medium,intermediate,low,yes,no,medium,yes,low,yes,high,low,high,medium,yes
A620,low,house,large,experienced,high,no,yes,high,yes,low,yes,medium,low,high,high,yes
A621,medium,house,medium,experienced,high,no,yes,low,no,high,yes,low,medium,high,low,no
A622,medium,apartment,medium,experienced,low,yes,no,high,yes,high,yes,high,low,high,medium,yes
A623,low,house,large,beginner,medium,yes,no,high,no,low,yes,high,high,high,medium,yes
A624,low,house,medium,intermediate,low,no,no,medium,yes,high,no,medium,high,high,high,yes
A625,high,house,large,intermediate,high,yes,no,low,no,medium,yes,medium,medium,medium,high,no
A626,low,house,small,intermediate,high,yes,yes,low,yes,low,no,medium,low,medium,high,yes
A627,high,house,medium,beginner,medium,yes,yes,high,yes,high,yes,high,low,medium,low,yes
A628,high,apartment,small,beginner,low,yes,no,medium,no,low,yes,medium,medium,high,high,no
A629,low,apartment,medium,experienced,medium,no,yes,high,no,low,yes,low,low,medium,high,yes
A630,medium,house,small,experienced,high,yes,no,high,no,medium,yes,high,medium,high,low,yes
A631,low,apartment,medium,intermediate,low,yes,yes,low,yes,low,yes,low,low,low,medium,no
A632,low,apartment,large,intermediate,medium,no,yes,low,yes,high,no,low,low,medium,medium,no
A633,high,apartment,medium,intermediate,low,yes,yes,medium,no,medium,yes,low,medium,high,high,no
A634,medium,house,medium,beginner,high,yes,no,medium,no,high,no,low,low,low,low,no
A635,high,house,small,beginner,low,no,yes,medium,yes,low,yes,low,medium,high,medium,yes
A636,low,house,small,experienced,low,yes,yes,medium,yes,medium,no,low,high,low,medium,no
A637,low,house,small,experienced,low,no,yes,low,no,high,yes,medium,medium,medium,high,no
A638,high,house,large,beginner,medium,no,yes,high,no,medium,no,high,medium,low,low,no
A639,high,apartment,large,intermediate,medium,no,yes,low,no,low,yes,medium,low,low,medium,no
A640,low,house,large,experienced,low,no,yes,high,no,low,yes,high,high,high,low,no
A641,low,apartment,small,experienced,high,no,yes,medium,yes,high,yes,high,low,low,low,yes
A642,low,house,medium,beginner,high,yes,yes,high,no,medium,no,high,medium,high,high,yes
A643,low,house,small,beginner,medium,no,no,medium,no,high,no,medium,low,low,high,yes
A644,low,house,small,experienced,low,yes,no,high,no,medium,no,high,high,medium,low,yes
A645,high,house,small,intermediate,medium,no,yes,medium,yes,medium,yes,low,medium,low,low,no
A646,low,house,small,experienced,high,no,no,medium,no,high,no,high,high,medium,high,no
A647,high,apartment,large,intermediate,medium,yes,yes,high,yes,medium,yes,medium,high,low,medium,no
A648,medium,house,large,experienced,medium,no,no,high,yes,high,yes,low,low,medium,medium,no
A649,medium,house,medium,experienced,high,yes,yes,low,yes,low,no,low,medium,low,medium,no
A650,low,apartment,large,experienced,medium,yes,no,low,yes,high,yes,high,high,high,high,no
A651,low,house,medium,experienced,low,no,yes,high,no,medium,yes,medium,medium,low,high,no
A652,low,house,small,intermediate,high,yes,yes,medium,no,low,yes,low,medium,medium,high,no
A653,medium,apartment,medium,experienced,medium,yes,yes,medium,no,high,yes,low,low,high,medium,yes
A654,medium,house,large,intermediate,high,no,no,low,yes,low,no,medium,medium,high,low,yes
A655,medium,apartment,medium,experienced,high,no,no,low,yes,high,yes,medium,high,high,high,yes
A656,low,house,large,experienced,medium,no,yes,high,no,low,no,medium,high,medium,low,yes
A657,medium,apartment,large,intermediate,medium,no,no,low,yes,high,no,medium,medium,high,low,yes
A658,high,apartment,small,beginner,low,no,yes,medium,no,high,yes,low,medium,low,low,no
A659,medium,apartment,large,beginner,medium,yes,no,low,no,high,no,medium,low,low,low,yes
A660,low,house,small,experienced,high,no,no,low,yes,low,yes,low,medium,high,high,yes
A661,medium,house,small,intermediate,low,no,yes,high,yes,low,no,high,low,low,low,yes
A662,medium,apartment,large,intermediate,low,yes,no,medium,yes,low,yes,low,high,medium,low,no
A663,high,house,small,experienced,low,yes,yes,medium,yes,medium,no,high,high,medium,low,no
A664,high,apartment,medium,experienced,medium,no,yes,high,yes,high,yes,low,medium,low,low,yes
A665,low,apartment,medium,intermediate,low,no,yes,medium,yes,medium,yes,low,low,high,high,yes
A666,medium,apartment,small,experienced,medium,no,no,high,yes,medium,no,low,high,medium,low,yes
A667,high,apartment,large,intermediate,high,no,no,low,no,medium,no,high,low,high,high,no
A668,low,apartment,small,beginner,low,yes,yes,low,yes,high,no,medium,high,high,medium,yes
A669,low,house,large,intermediate,low,yes,no,low,no,low,yes,medium,high,high,high,yes
A670,low,house,large,intermediate,high,no,no,low,no,low,no,low,medium,high,medium,yes
A671,low,apartment,medium,beginner,high,yes,no,medium,yes,low,yes,low,medium,medium,high,yes
A672,low,house,medium,experienced,low,no,no,medium,yes,medium,no,high,low,medium,low,yes
A673,medium,apartment,small,intermediate,low,yes,no,low,no,medium,no,medium,low,low,high,no
A674,low,house,small,experienced,low,no,yes,medium,no,high,yes,low,medium,medium,low,yes
A675,medium,house,large,experienced,medium,yes,yes,low,no,high,yes,medium,high,medium,high,no
A676,medium,house,large,beginner,high,no,yes,high,no,high,no,low,high,medium,high,yes
A677,low,apartment,large,beginner,medium,yes,no,medium,yes,low,yes,low,medium,high,low,yes
A678,high,apartment,medium,intermediate,high,no,yes,low,no,high,yes,medium,low,high,high,yes
A679,low,apartment,large,beginner,medium,no,yes,high,yes,medium,no,medium,low,medium,high,yes
A680,high,house,medium,beginner,high,yes,no,low,no,high,yes,low,medium,high,high,yes
A681,low,house,large,experienced,low,no,no,low,no,low,no,high,high,high,medium,yes
A682,low,apartment,medium,intermediate,low,yes,yes,high,yes,medium,yes,high,medium,medium,low,no
A683,high,house,medium,intermediate,medium,no,no,high,yes,medium,no,low,medium,high,medium,no
A684,high,house,small,beginner,low,yes,no,medium,yes,low,yes,low,low,low,medium,yes
A685,high,house,small,experienced,low,no,yes,medium,no,low,yes,low,high,medium,low,yes
A686,low,house,large,beginner,medium,no,no,high,no,medium,yes,medium,medium,medium,medium,no
A687,high,house,small,beginner,high,no,yes,medium,no,high,yes,low,high,low,medium,no
A688,low,apartment,small,experienced,high,no,no,medium,yes,low,no,high,high,high,high,yes
A689,low,house,medium,intermediate,high,yes,yes,medium,yes,low,no,low,low,low,medium,yes
A690,low,apartment,small,beginner,high,yes,no,low,yes,high,yes,low,high,high,medium,no
A691,medium,house,medium,beginner,medium,yes,no,high,no,low,yes,medium,low,medium,low,yes
A692,low,apartment,medium,experienced,low,no,yes,high,yes,medium,no,high,medium,high,medium,yes
A693,high,apartment,large,beginner,medium,no,no,high,yes,high,yes,high,low,low,low,no
A694,low,house,large,intermediate,medium,yes,yes,high,no,high,yes,low,low,medium,high,yes
A695,high,house,large,intermediate,medium,yes,yes,high,yes,low,no,low,medium,medium,low,no
A696,medium,house,large,beginner,medium,yes,no,high,no,low,no,medium,low,medium,high,yes
A697,high,house,medium,experienced,medium,no,yes,low,yes,medium,yes,medium,low,low,medium,no
A698,high,apartment,large,experienced,medium,no,no,medium,yes,low,no,medium,medium,high,low,yes
A699,high,apartment,small,beginner,medium,yes,yes,high,no,high,no,low,low,low,low,no
A700,low,apartment,large,intermediate,high,no,no,high,yes,low,yes,high,high,medium,low,yes
A701,high,house,medium,beginner,high,no,yes,low,yes,medium,no,medium,medium,medium,high,yes
A702,high,apartment,medium,experienced,low,yes,no,high,yes,high,no,medium,high,high,high,yes
A703,high,house,large,experienced,medium,no,yes,low,no,low,no,medium,low,high,high,yes
A704,low,apartment,small,beginner,low,no,no,low,yes,high,no,medium,low,low,medium,yes
A705,high,house,medium,experienced,high,yes,yes,low,yes,medium,yes,low,medium,high,low,no
A706,high,apartment,large,intermediate,low,yes,yes,high,yes,medium,no,low,low,high,high,yes
A707,medium,house,small,intermediate,high,yes,yes,medium,yes,medium,yes,low,medium,low,medium,yes
A708,high,house,large,intermediate,medium,yes,yes,high,yes,medium,yes,low,medium,medium,low,yes
A709,high,apartment,medium,intermediate,high,yes,yes,medium,yes,low,no,high,low,low,medium,no
A710,high,apartment,large,beginner,low,yes,yes,high,no,high,no,high,high,low,low,yes
A711,medium,house,small,intermediate,low,no,yes,high,yes,medium,no,low,low,medium,medium,no
A712,high,house,medium,experienced,medium,yes,yes,medium,no,medium,no,medium,medium,low,medium,no
A713,low,house,medium,experienced,low,yes,yes,low,no,high,no,low,medium,medium,low,yes
A714,medium,apartment,small,experienced,high,no,yes,high,yes,low,yes,medium,low,high,low,yes
A715,high,apartment,medium,beginner,low,yes,yes,high,yes,high,yes,low,low,low,medium,yes
A716,medium,apartment,large,experienced,high,yes,yes,low,yes,low,yes,low,low,medium,high,no
A717,medium,apartment,medium,beginner,high,no,yes,medium,no,medium,no,low,low,low,medium,no
A718,low,house,small,intermediate,high,yes,yes,medium,no,high,yes,high,low,low,high,no
A719,high,house,small,beginner,low,yes,no,low,yes,high,no,medium,medium,medium,low,no
A720,high,apartment,large,intermediate,high,no,yes,medium,no,high,no,medium,low,high,low,yes
A721,low,house,small,beginner,low,yes,yes,medium,no,high,yes,high,medium,medium,high,no
A722,high,house,large,beginner,low,no,yes,high,yes,low,no,low,medium,low,low,yes
A723,high,apartment,small,beginner,low,no,no,high,yes,low,no,medium,low,medium,high,yes
A724,medium,house,small,intermediate,high,yes,no,high,yes,high,no,high,low,low,high,yes
A725,low,apartment,small,beginner,low,yes,yes,high,no,low,yes,high,medium,high,high,yes
A726,high,house,medium,experienced,medium,yes,no,low,yes,low,no,high,high,medium,medium,no
A727,high,house,large,beginner,medium,no,yes,medium,no,high,yes,high,medium,low,medium,yes
A728,high,house,large,intermediate,medium,yes,yes,medium,no,low,no,medium,high,high,low,yes
A729,medium,apartment,medium,experienced,medium,yes,yes,low,no,medium,yes,medium,high,high,high,no
A730,medium,house,medium,intermediate,medium,no,no,low,no,medium,no,medium,high,high,low,no
A731,high,apartment,large,intermediate,low,no,no,medium,no,low,no,high,low,medium,medium,no
A732,low,house,large,experienced,medium,yes,yes,low,no,medium,yes,high,medium,high,high,yes
A733,low,house,small,intermediate,low,no,yes,high,yes,low,yes,medium,low,medium,high,no
A734,low,house,small,beginner,high,no,yes,high,yes,high,no,high,medium,low,medium,yes
A735,low,apartment,medium,intermediate,low,yes,no,medium,no,high,no,high,high,medium,medium,no
A736,low,house,small,beginner,medium,no,yes,medium,no,high,yes,high,high,medium,low,yes
A737,low,apartment,small,experienced,high,no,no,low,no,medium,no,low,high,medium,low,no
A738,high,house,large,beginner,high,no,no,low,yes,high,yes,medium,high,medium,low,no
A739,low,house,large,experienced,low,no,yes,high,no,high,no,high,high,low,medium,yes
A740,medium,house,small,beginner,low,no,no,medium,no,low,yes,low,high,low,high,yes
A741,high,house,medium,intermediate,low,no,yes,medium,yes,low,no,low,medium,high,medium,no
A742,high,house,large,intermediate,low,yes,yes,high,no,high,no,low,medium,low,high,yes
A743,high,house,medium,beginner,medium,no,yes,high,no,medium,no,medium,high,medium,medium,no
A744,medium,house,small,intermediate,low,yes,no,low,yes,medium,no,low,high,medium,high,no
A745,low,house,small,intermediate,high,yes,yes,medium,yes,high,no,low,medium,low,high,no
A746,medium,house,large,beginner,medium,yes,no,high,yes,low,no,low,medium,medium,medium,no
A747,medium,apartment,small,intermediate,high,no,no,high,no,medium,yes,low,low,low,low,yes
A748,medium,apartment,large,experienced,high,yes,yes,high,yes,high,no,medium,medium,medium,medium,yes
A749,medium,apartment,medium,intermediate,medium,yes,no,low,yes,high,no,medium,high,low,medium,yes
A750,low,apartment,small,beginner,low,no,yes,high,yes,low,yes,high,medium,medium,medium,yes
A751,low,house,large,experienced,low,yes,yes,low,yes,medium,yes,low,medium,high,medium,no
A752,medium,house,small,beginner,medium,yes,yes,low,yes,medium,yes,high,medium,low,low,yes
A753,high,apartment,medium,intermediate,medium,yes,no,low,no,high,no,low,low,medium,high,yes
A754,low,house,medium,intermediate,low,yes,yes,low,no,low,no,medium,low,low,low,yes
A755,medium,house,large,experienced,high,no,yes,low,no,medium,no,low,low,medium,medium,yes
A756,medium,house,small,experienced,high,no,no,high,yes,medium,yes,high,high,low,medium,no
A757,high,apartment,small,intermediate,low,yes,no,medium,yes,medium,no,high,high,high,medium,no
A758,high,house,large,intermediate,low,no,no,low,no,high,yes,high,medium,medium,medium,yes
A759,low,house,large,experienced,high,no,no,medium,yes,medium,yes,high,low,medium,high,yes
A760,low,house,large,experienced,medium,no,no,medium,yes,low,no,high,high,high,low,no
A761,high,house,medium,beginner,medium,no,yes,low,yes,high,yes,low,medium,high,high,yes
A762,high,house,medium,beginner,low,yes,yes,high,no,low,yes,low,medium,medium,high,yes
A763,medium,apartment,medium,intermediate,low,yes,no,medium,no,low,yes,medium,medium,high,medium,yes
A764,low,apartment,large,beginner,medium,no,yes,high,yes,high,yes,medium,medium,high,low,no
A765,high,apartment,large,beginner,low,no,yes,high,yes,medium,yes,medium,low,high,high,no
A766,medium,apartment,medium,beginner,low,yes,yes,high,no,medium,no,low,low,low,high,no
A767,medium,apartment,small,intermediate,high,yes,no,medium,yes,medium,yes,low,medium,low,low,no
A768,high,apartment,medium,beginner,medium,no,no,high,yes,high,yes,low,high,high,high,no
A769,low,house,medium,beginner,low,yes,yes,low,yes,high,no,high,high,medium,medium,no
A770,high,apartment,large,beginner,low,no,yes,medium,no,high,yes,medium,high,medium,low,no
A771,low,house,large,experienced,low,yes,yes,low,no,medium,yes,low,medium,medium,high,no
A772,high,house,small,experienced,medium,yes,yes,high,no,low,yes,medium,low,high,low,no
A773,high,house,medium,beginner,medium,yes,no,low,no,high,no,high,high,high,medium,yes
A774,medium,house,small,beginner,high,yes,yes,low,yes,low,yes,low,low,high,medium,yes
A775,medium,house,small,intermediate,medium,no,no,medium,yes,low,no,medium,high,medium,low,yes
A776,high,apartment,large,intermediate,medium,no,no,low,yes,high,yes,medium,high,low,low,no
A777,medium,house,small,experienced,medium,yes,no,medium,yes,medium,no,high,medium,medium,medium,yes
A778,low,house,medium,experienced,medium,yes,no,low,no,medium,yes,high,high,high,high,no
A779,high,house,small,beginner,medium,yes,yes,medium,yes,low,yes,medium,low,medium,high,no
A780,medium,house,medium,beginner,low,no,yes,low,no,medium,yes,medium,high,medium,high,yes
A781,high,house,large,experienced,low,no,no,high,no,low,no,high,high,low,low,yes
A782,low,house,small,experienced,medium,yes,yes,low,yes,low,yes,high,medium,medium,high,yes
A783,medium,house,large,beginner,medium,yes,no,medium,no,high,no,medium,low,medium,low,no
A784,high,house,medium,beginner,high,no,no,high,no,high,yes,high,medium,medium,medium,yes
A785,low,apartment,medium,intermediate,high,yes,yes,low,yes,low,yes,high,low,medium,low,yes
A786,low,house,small,beginner,medium,no,yes,medium,yes,high,no,medium,high,low,high,no
A787,high,apartment,large,intermediate,high,yes,no,medium,yes,high,no,medium,medium,medium,medium,no
A788,low,house,small,beginner,high,yes,yes,high,yes,high,no,low,high,medium,medium,yes
A789,high,house,medium,intermediate,high,no,no,high,no,medium,yes,high,medium,high,low,no
A790,low,apartment,medium,beginner,medium,yes,no,medium,yes,medium,no,medium,low,low,high,yes
A791,medium,apartment,large,intermediate,medium,no,yes,low,yes,high,yes,high,medium,medium,high,no
A792,medium,house,large,experienced,low,no,yes,low,yes,high,no,medium,low,low,medium,yes
A793,high,house,small,beginner,high,yes,no,low,yes,low,no,medium,high,high,high,yes
A794,low,house,small,intermediate,high,yes,yes,high,yes,high,no,low,high,high,low,yes
A795,medium,house,small,intermediate,medium,no,no,high,no,low,yes,low,medium,medium,medium,no
A796,high,house,medium,experienced,medium,yes,no,low,yes,low,yes,medium,low,high,high,no
A797,high,house,large,intermediate,medium,yes,no,medium,no,high,no,low,high,low,low,no
A798,medium,house,medium,intermediate,medium,no,no,low,yes,medium,no,high,low,high,medium,no
A799,high,apartment,medium,experienced,high,no,no,low,yes,low,no,low,medium,medium,high,no
A800,medium,apartment,medium,beginner,medium,yes,no,high,no,medium,no,medium,medium,low,medium,yes
A801,medium,apartment,small,experienced,low,yes,yes,high,no,high,yes,low,low,low,high,no
A802,high,apartment,medium,beginner,low,no,no,low,no,medium,yes,high,low,medium,high,yes
A803,low,apartment,medium,intermediate,low,no,no,low,yes,high,no,low,medium,medium,low,no
A804,medium,apartment,large,experienced,high,no,yes,medium,no,low,yes,low,medium,medium,low,no
A805,high,apartment,large,experienced,high,no,no,medium,no,high,no,low,high,medium,high,yes
A806,high,house,large,experienced,low,no,no,medium,no,high,yes,high,high,low,low,yes
A807,medium,apartment,large,experienced,low,no,no,medium,yes,high,yes,low,medium,high,medium,no
A808,medium,apartment,small,intermediate,high,no,yes,high,yes,high,no,low,medium,high,medium,no
A809,low,house,large,beginner,low,yes,no,medium,yes,medium,no,medium,high,high,high,yes
A810,high,apartment,small,beginner,high,no,yes,medium,no,low,yes,medium,high,high,low,no
A811,medium,house,small,beginner,low,yes,yes,medium,yes,low,no,medium,medium,low,medium,no
A812,high,house,medium,beginner,low,yes,yes,high,no,medium,no,low,medium,low,medium,no
A813,medium,apartment,medium,experienced,medium,yes,yes,high,no,medium,yes,low,high,high,medium,no
A814,low,apartment,small,intermediate,low,yes,yes,high,no,low,no,high,low,medium,low,no
A815,low,apartment,medium,experienced,medium,no,yes,medium,no,medium,yes,high,medium,low,medium,yes
A816,medium,apartment,small,intermediate,medium,no,yes,high,no,high,no,high,high,medium,medium,no
A817,medium,apartment,small,beginner,high,no,no,high,yes,medium,no,medium,medium,high,high,yes
A818,high,house,large,intermediate,medium,yes,yes,low,no,low,no,medium,low,medium,high,yes
A819,medium,house,medium,beginner,low,yes,no,low,no,high,no,high,medium,low,medium,yes
A820,high,house,medium,experienced,high,no,no,low,yes,high,yes,low,medium,medium,low,no
A821,high,house,medium,experienced,high,yes,no,medium,no,medium,no,high,medium,medium,medium,yes
A822,medium,apartment,medium,experienced,low,no,yes,medium,no,low,yes,high,low,high,medium,yes
A823,low,apartment,medium,experienced,high,yes,yes,low,yes,medium,no,high,medium,low,medium,yes
A824,medium,apartment,medium,beginner,high,yes,yes,medium,no,low,yes,low,low,medium,medium,no
A825,medium,apartment,medium,experienced,medium,yes,no,medium,no,high,no,low,high,low,medium,yes
A826,medium,house,small,experienced,low,yes,no,high,no,medium,yes,low,high,high,high,yes
A827,high,house,large,beginner,medium,no,yes,high,yes,medium,no,high,high,medium,medium,no
A828,low,house,small,intermediate,medium,yes,no,low,no,high,yes,high,low,high,low,no
A829,medium,apartment,medium,intermediate,medium,no,no,low,no,medium,yes,medium,medium,medium,high,yes
A830,medium,apartment,medium,beginner,low,no,no,high,yes,low,no,medium,high,medium,medium,yes
A831,low,house,medium,experienced,low,yes,yes,high,yes,medium,yes,medium,low,medium,low,no
A832,medium,house,small,beginner,low,yes,yes,medium,no,medium,yes,medium,low,low,medium,yes
A833,medium,apartment,medium,experienced,medium,yes,yes,high,no,medium,yes,low,medium,medium,high,yes
A834,high,house,small,beginner,medium,no,yes,low,no,high,no,low,high,medium,low,no
A835,high,apartment,small,intermediate,high,no,no,low,yes,high,no,medium,medium,medium,high,no
A836,low,apartment,small,experienced,high,yes,no,low,no,low,yes,high,medium,low,medium,no
A837,low,house,medium,experienced,medium,no,no,high,yes,high,yes,low,medium,high,high,yes
A838,high,apartment,medium,intermediate,high,no,yes,medium,no,low,no,medium,medium,low,low,no
A839,medium,house,small,beginner,high,yes,yes,high,no,low,no,high,medium,low,medium,no
A840,low,house,large,intermediate,low,yes,yes,medium,no,low,no,medium,high,medium,medium,no
A841,low,apartment,small,beginner,low,no,no,high,yes,high,yes,low,medium,medium,high,no
A842,high,apartment,medium,beginner,medium,yes,yes,medium,yes,high,no,low,medium,high,low,no
A843,high,house,medium,experienced,medium,yes,no,medium,no,high,no,low,high,low,low,no
A844,medium,house,large,intermediate,high,yes,no,medium,yes,low,no,medium,low,high,medium,no
A845,high,house,large,beginner,high,yes,yes,medium,yes,low,yes,high,low,low,medium,yes
A846,medium,house,large,beginner,medium,no,yes,high,yes,high,yes,low,medium,high,low,no
A847,medium,apartment,large,intermediate,low,yes,yes,medium,yes,high,yes,high,medium,medium,low,no
A848,low,apartment,small,experienced,medium,no,no,medium,no,medium,no,low,low,medium,high,yes
A849,low,apartment,small,intermediate,low,yes,yes,low,yes,high,yes,medium,high,high,low,no
A850,low,apartment,medium,intermediate,high,no,yes,high,yes,high,yes,high,high,high,low,no
A851,medium,house,medium,intermediate,low,no,yes,high,yes,high,yes,low,low,medium,medium,yes
A852,high,apartment,large,beginner,high,yes,no,medium,yes,medium,yes,low,medium,medium,high,yes
A853,high,apartment,large,beginner,medium,no,no,low,no,medium,yes,low,high,low,low,yes
A854,medium,house,medium,intermediate,low,yes,no,low,yes,low,no,medium,medium,low,low,no
A855,medium,apartment,large,beginner,high,yes,no,high,yes,medium,yes,low,high,low,high,no
A856,high,apartment,large,intermediate,low,yes,no,high,no,high,no,low,low,low,medium,yes
A857,high,apartment,large,beginner,medium,no,no,medium,no,medium,yes,low,high,high,medium,no
A858,high,apartment,small,beginner,low,yes,yes,high,yes,low,yes,high,medium,medium,high,yes
A859,high,apartment,large,beginner,high,no,yes,high,yes,high,yes,medium,medium,high,high,yes
A860,high,house,large,experienced,medium,no,yes,medium,no,medium,yes,medium,high,medium,high,yes
A861,low,house,small,experienced,low,yes,no,high,no,high,no,high,low,low,high,yes
A862,high,apartment,medium,experienced,medium,yes,yes,high,no,low,yes,medium,high,medium,medium,no
A863,low,house,small,intermediate,low,no,no,low,yes,high,no,low,medium,high,low,no
A864,high,house,small,experienced,high,no,no,medium,no,high,yes,high,low,high,low,no
A865,medium,house,large,beginner,high,no,no,low,no,high,yes,medium,high,medium,medium,yes
A866,high,house,small,intermediate,low,yes,yes,high,yes,medium,no,medium,low,medium,high,no
A867,medium,apartment,small,beginner,medium,no,no,high,yes,high,yes,high,high,high,high,yes
A868,medium,apartment,medium,beginner,low,yes,yes,medium,no,medium,yes,medium,high,medium,medium,yes
A869,medium,apartment,medium,beginner,high,yes,yes,high,no,medium,yes,low,high,high,low,yes
A870,low,apartment,small,intermediate,medium,yes,no,low,yes,high,no,medium,low,low,medium,no
A871,high,house,small,beginner,high,yes,yes,medium,no,medium,no,medium,high,medium,high,no
A872,high,apartment,medium,beginner,medium,no,yes,low,yes,low,no,high,high,high,high,yes
A873,medium,apartment,small,experienced,high,yes,yes,low,no,high,yes,medium,medium,high,high,yes
A874,medium,apartment,small,experienced,low,no,yes,medium,no,medium,no,high,low,low,low,no
A875,medium,apartment,small,beginner,low,yes,yes,high,yes,medium,no,medium,low,low,medium,yes
A876,low,apartment,large,intermediate,low,no,no,medium,no,high,no,medium,medium,high,low,no
A877,medium,apartment,large,beginner,medium,no,no,high,no,medium,no,medium,high,medium,medium,no
A878,medium,apartment,large,intermediate,medium,no,no,low,no,medium,no,low,low,high,medium,no
A879,medium,house,large,experienced,low,yes,yes,medium,no,high,yes,medium,medium,high,medium,no
A880,medium,apartment,medium,beginner,medium,yes,no,low,yes,high,yes,high,high,medium,low,no
A881,high,house,medium,intermediate,high,yes,yes,low,no,medium,yes,low,medium,medium,high,no
A882,high,apartment,small,intermediate,low,no,no,medium,no,high,yes,medium,low,low,medium,yes
A883,low,house,small,intermediate,medium,no,yes,high,yes,low,yes,medium,low,low,medium,no
A884,high,house,medium,intermediate,high,yes,yes,low,yes,low,yes,high,high,medium,high,yes
A885,low,house,medium,intermediate,medium,no,no,medium,no,medium,no,high,high,low,medium,yes
A886,high,apartment,large,beginner,high,no,yes,high,yes,medium,no,high,high,low,medium,no
A887,high,house,small,beginner,high,yes,no,low,yes,low,no,medium,low,medium,high,no
A888,low,house,small,experienced,high,no,no,low,yes,high,yes,low,low,low,medium,no
A889,medium,house,small,experienced,high,no,yes,high,no,high,yes,medium,low,medium,low,yes
A890,medium,apartment,medium,intermediate,high,no,no,low,no,high,yes,high,medium,low,low,yes
A891,high,apartment,small,experienced,medium,yes,no,low,no,medium,yes,high,high,low,medium,no
A892,high,apartment,small,experienced,high,no,no,medium,no,high,no,high,medium,medium,high,yes
A893,high,apartment,small,intermediate,high,yes,yes,high,no,high,no,medium,medium,low,medium,no
A894,low,apartment,medium,experienced,medium,yes,no,low,yes,high,no,medium,high,medium,medium,yes
A895,low,apartment,medium,intermediate,low,no,no,high,yes,low,yes,high,high,low,low,no
A896,high,house,small,intermediate,medium,no,yes,low,yes,high,yes,medium,high,medium,low,yes
A897,medium,house,medium,intermediate,high,yes,no,low,yes,low,yes,medium,high,low,medium,yes
A898,high,house,small,experienced,high,no,yes,high,yes,low,yes,low,high,medium,low,no
A899,low,house,large,experienced,medium,no,yes,high,yes,medium,no,high,high,high,high,yes
A900,high,house,small,intermediate,medium,no,yes,medium,no,medium,yes,low,high,medium,low,no
A901,low,apartment,small,beginner,high,yes,no,medium,no,low,no,high,low,low,high,no
A902,medium,apartment,large,experienced,high,yes,yes,high,no,medium,yes,medium,medium,high,low,yes
A903,medium,house,large,intermediate,medium,no,no,low,yes,high,yes,medium,low,low,high,no
A904,medium,house,medium,experienced,medium,yes,no,high,yes,medium,yes,medium,high,low,low,no
A905,high,apartment,small,experienced,medium,yes,yes,low,no,high,no,high,low,low,medium,no
A906,low,apartment,large,beginner,medium,no,yes,low,yes,low,yes,medium,low,medium,low,no
A907,low,house,small,experienced,high,yes,yes,low,yes,low,yes,high,high,low,low,yes
A908,medium,house,large,beginner,high,no,yes,low,no,high,no,low,high,low,low,yes
A909,low,house,large,intermediate,low,yes,no,medium,no,low,yes,low,high,high,high,no
A910,low,apartment,large,beginner,low,no,yes,low,no,high,yes,medium,medium,low,low,no
A911,low,apartment,small,beginner,high,no,no,low,no,medium,yes,low,medium,low,low,no
A912,high,apartment,medium,experienced,high,no,yes,medium,yes,low,yes,high,low,medium,medium,no
A913,high,house,large,intermediate,low,no,yes,medium,no,medium,yes,high,low,high,low,yes
A914,low,apartment,medium,experienced,medium,no,yes,low,yes,medium,no,high,high,high,high,yes
A915,medium,apartment,small,intermediate,low,yes,yes,medium,no,low,yes,low,low,low,medium,yes
A916,low,apartment,medium,experienced,low,yes,no,high,no,low,no,high,high,low,medium,yes
A917,high,apartment,small,experienced,low,yes,no,high,yes,high,no,medium,high,medium,medium,yes
A918,medium,apartment,medium,experienced,medium,yes,no,medium,yes,low,no,medium,medium,medium,low,yes
A919,low,house,large,intermediate,low,yes,yes,high,no,high,yes,medium,medium,low,high,no
A920,low,apartment,small,intermediate,low,no,no,high,yes,medium,yes,medium,high,medium,medium,yes
A921,low,apartment,large,experienced,low,no,no,medium,yes,low,yes,medium,low,low,low,no
A922,medium,house,small,beginner,high,yes,yes,low,yes,low,no,high,low,high,low,no
A923,high,apartment,small,intermediate,low,yes,no,low,no,low,no,high,medium,low,high,yes
A924,low,apartment,medium,experienced,medium,yes,yes,medium,yes,medium,no,low,medium,low,high,no
A925,high,house,large,experienced,low,yes,no,high,no,medium,no,medium,low,high,high,no
A926,medium,house,medium,intermediate,medium,no,yes,high,yes,high,yes,low,high,low,medium,no
A927,low,apartment,medium,experienced,high,yes,no,high,yes,low,yes,low,low,medium,medium,yes
A928,high,house,small,experienced,high,yes,yes,low,no,low,yes,low,high,medium,medium,yes
A929,low,house,medium,intermediate,medium,no,no,low,yes,high,yes,high,high,medium,low,yes
A930,high,house,small,intermediate,low,no,yes,low,yes,high,no,medium,high,low,medium,yes
A931,low,apartment,medium,experienced,medium,yes,yes,high,no,medium,yes,medium,low,low,medium,no
A932,high,apartment,small,experienced,medium,yes,no,low,no,medium,no,medium,low,medium,low,no
A933,high,house,medium,beginner,low,yes,no,low,yes,low,no,high,medium,high,medium,yes
A934,low,house,medium,intermediate,high,no,no,low,no,high,yes,low,low,high,low,yes
A935,medium,apartment,large,experienced,medium,no,yes,medium,yes,low,no,high,low,low,high,yes
A936,low,house,large,experienced,low,no,yes,low,no,high,yes,medium,high,medium,medium,no
A937,low,apartment,small,beginner,high,no,no,medium,no,low,no,high,medium,low,medium,no
A938,high,apartment,small,beginner,medium,no,yes,medium,no,medium,yes,low,medium,medium,low,yes
A939,low,apartment,small,intermediate,high,no,yes,low,yes,low,no,medium,high,low,high,no
A940,high,apartment,medium,beginner,high,yes,no,low,no,high,no,medium,medium,high,medium,yes
A941,high,house,medium,beginner,high,no,no,medium,no,medium,no,low,medium,high,low,yes
A942,medium,apartment,large,beginner,low,yes,no,low,no,high,yes,high,high,low,high,no
A943,high,apartment,medium,intermediate,low,no,yes,low,no,medium,no,low,medium,medium,high,no
A944,high,apartment,small,intermediate,medium,no,yes,low,yes,medium,no,high,low,low,medium,yes
A945,low,house,small,intermediate,medium,yes,yes,low,yes,high,yes,medium,high,low,medium,yes
A946,high,house,small,beginner,low,no,no,low,yes,medium,no,high,medium,high,medium,yes
A947,low,apartment,medium,beginner,low,yes,no,high,no,medium,no,medium,medium,medium,low,no
A948,medium,house,medium,beginner,medium,yes,no,medium,yes,low,no,high,high,medium,high,no
A949,medium,house,small,experienced,medium,yes,no,medium,no,medium,yes,low,high,low,medium,yes
A950,high,house,large,beginner,high,yes,yes,high,yes,high,yes,medium,high,low,medium,yes
A951,high,house,medium,experienced,low,yes,yes,medium,no,high,yes,low,high,low,high,yes
A952,high,house,small,experienced,low,no,no,low,no,low,no,low,high,high,high,no
A953,low,house,medium,experienced,medium,yes,yes,medium,no,medium,yes,high,low,low,low,no
A954,medium,apartment,small,experienced,medium,yes,no,medium,yes,low,yes,low,high,high,low,no
A955,medium,house,large,beginner,medium,no,yes,low,no,low,no,high,high,medium,low,no
A956,high,house,large,experienced,medium,no,yes,high,no,medium,yes,low,medium,low,high,yes
A957,medium,apartment,small,intermediate,high,no,no,medium,yes,low,yes,medium,high,high,high,no
A958,medium,house,small,experienced,medium,no,no,low,no,low,no,low,low,low,low,yes
A959,medium,apartment,small,intermediate,low,no,no,low,yes,low,no,medium,low,medium,low,no
A960,medium,apartment,large,experienced,high,yes,yes,high,no,medium,yes,high,medium,high,high,no
A961,low,apartment,large,beginner,low,no,no,medium,no,low,yes,low,low,medium,high,no
A962,medium,apartment,medium,experienced,low,no,no,low,no,medium,yes,high,low,medium,medium,yes
A963,medium,apartment,small,intermediate,high,no,no,medium,yes,low,yes,medium,high,low,high,yes
A964,medium,house,large,intermediate,low,yes,no,low,yes,low,yes,low,high,high,low,no
A965,low,house,small,experienced,medium,no,yes,high,no,medium,no,medium,medium,medium,medium,no
A966,high,house,large,experienced,medium,no,no,low,yes,high,yes,low,medium,medium,medium,no
A967,medium,house,large,beginner,low,yes,yes,high,yes,high,yes,high,high,low,low,yes
A968,high,apartment,large,experienced,low,no,no,medium,yes,medium,no,high,high,low,high,no
A969,low,apartment,small,experienced,high,yes,no,high,no,medium,yes,high,high,low,medium,no
A970,medium,house,large,experienced,high,yes,yes,medium,no,high,no,high,high,low,medium,yes
A971,high,house,small,experienced,high,yes,no,high,yes,low,yes,medium,high,low,low,yes
A972,medium,house,medium,beginner,high,yes,no,low,yes,low,yes,medium,medium,high,low,no
A973,high,apartment,large,beginner,high,yes,yes,high,no,medium,yes,low,high,high,medium,no
A974,low,house,large,experienced,low,no,no,low,no,high,no,low,medium,low,high,yes
A975,high,apartment,small,intermediate,high,yes,yes,medium,yes,low,no,medium,low,medium,low,no
A976,high,apartment,medium,beginner,medium,yes,yes,high,no,high,no,medium,high,high,high,yes
A977,medium,apartment,large,experienced,medium,yes,no,medium,yes,low,no,low,low,high,high,no
A978,high,house,medium,beginner,high,yes,no,medium,no,high,yes,medium,high,medium,medium,no
A979,high,apartment,small,beginner,low,no,yes,medium,yes,low,no,low,low,low,high,yes
A980,high,apartment,small,intermediate,low,yes,no,low,no,medium,no,low,high,medium,low,no
A981,low,house,small,intermediate,high,yes,yes,medium,no,high,no,low,high,medium,high,yes
A982,high,house,small,experienced,medium,yes,no,medium,no,medium,no,high,high,medium,high,yes
A983,high,house,small,beginner,medium,yes,no,low,yes,low,no,low,high,high,high,yes
A984,low,apartment,medium,beginner,medium,no,yes,medium,yes,low,yes,low,medium,low,low,no
A985,high,apartment,small,intermediate,high,yes,yes,low,yes,medium,no,low,high,low,medium,yes
A986,high,apartment,medium,beginner,medium,yes,yes,medium,no,low,yes,high,low,medium,low,no
A987,high,house,medium,intermediate,low,no,yes,high,yes,medium,yes,high,low,medium,high,yes
A988,high,house,small,beginner,low,no,yes,medium,no,low,no,high,low,low,medium,no
A989,high,house,medium,experienced,high,yes,yes,medium,no,high,no,low,low,medium,high,yes
A990,high,house,large,beginner,low,no,yes,low,yes,high,yes,low,medium,high,high,yes
A991,low,house,large,intermediate,low,no,yes,low,no,medium,no,medium,low,high,low,yes
A992,high,apartment,large,experienced,low,yes,no,high,yes,medium,yes,medium,medium,high,medium,no
A993,low,apartment,large,beginner,high,yes,no,low,no,low,yes,medium,low,medium,medium,no
A994,low,house,large,experienced,low,no,no,high,yes,high,yes,medium,medium,low,high,no
A995,high,house,large,beginner,low,no,yes,low,yes,low,no,high,high,high,low,yes
A996,medium,apartment,large,beginner,high,yes,no,medium,no,high,yes,high,high,high,medium,yes
A997,high,house,medium,beginner,high,yes,no,high,no,low,no,low,low,high,medium,no
A998,low,house,large,experienced,medium,no,no,low,no,low,no,medium,medium,low,medium,yes
A999,high,apartment,large,intermediate,low,no,yes,low,no,medium,yes,high,low,high,high,yes
A1000,medium,house,large,experienced,high,no,no,medium,yes,low,yes,high,high,high,high,no
